{
    "0": [
        1294
    ],
    "1": [
        550
    ],
    "2": [
        886
    ],
    "3": [
        816
    ],
    "4": [
        1261,
        1853,
        1870
    ],
    "5": [
        1390
    ],
    "6": [
        575
    ],
    "7": [
        1449,
        1531
    ],
    "8": [
        134,
        457,
        880
    ],
    "9": [
        1385
    ],
    "10": [
        1857
    ],
    "11": [
        720
    ],
    "12": [
        641
    ],
    "13": [
        295,
        657,
        866
    ],
    "14": [
        645
    ],
    "15": [
        260,
        464
    ],
    "16": [
        855
    ],
    "17": [
        499
    ],
    "18": [
        80,
        83,
        411,
        1761
    ],
    "19": [
        854,
        1189
    ],
    "20": [
        1879
    ],
    "21": [
        275,
        528,
        695,
        921,
        1133,
        1340
    ],
    "22": [
        617
    ],
    "23": [
        546
    ],
    "24": [
        1498
    ],
    "25": [
        710,
        785
    ],
    "26": [
        974
    ],
    "27": [
        988,
        1291,
        1594
    ],
    "28": [
        383
    ],
    "29": [
        513
    ],
    "30": [
        606,
        1540
    ],
    "31": [
        870
    ],
    "32": [
        1737
    ],
    "33": [
        1722
    ],
    "34": [
        710,
        785
    ],
    "35": [
        1524
    ],
    "36": [
        942,
        984,
        1187
    ],
    "37": [
        165
    ],
    "38": [
        691
    ],
    "39": [
        1299,
        1565
    ],
    "40": [
        1791
    ],
    "41": [
        1901,
        1933
    ],
    "42": [
        612,
        1886
    ],
    "43": [
        460
    ],
    "44": [
        1774
    ],
    "45": [
        60,
        1579,
        1809
    ],
    "46": [
        240
    ],
    "47": [
        880
    ],
    "48": [
        1491
    ],
    "49": [
        1554
    ],
    "50": [
        1089
    ],
    "51": [
        160,
        406,
        1160,
        1615
    ],
    "52": [
        248,
        680
    ],
    "53": [
        705
    ],
    "54": [
        512
    ],
    "55": [
        55,
        743,
        795,
        1175
    ],
    "56": [
        1057,
        1970
    ],
    "57": [
        669,
        819,
        1185
    ],
    "58": [
        1465
    ],
    "59": [
        1129,
        1168
    ],
    "60": [
        379
    ],
    "61": [
        1463,
        1500,
        1702
    ],
    "62": [
        517
    ],
    "63": [
        1554
    ],
    "64": [
        1549
    ],
    "65": [
        531
    ],
    "66": [
        193,
        584
    ],
    "67": [
        1605
    ],
    "68": [
        1503
    ],
    "69": [
        12,
        468,
        607,
        710,
        785,
        1501,
        1515,
        1561,
        1860
    ],
    "70": [
        1622
    ],
    "71": [
        244,
        493
    ],
    "72": [
        387,
        487
    ],
    "73": [
        1451
    ],
    "74": [
        191,
        483,
        1115,
        1909
    ],
    "75": [
        1492
    ],
    "76": [
        117,
        427
    ],
    "77": [
        338
    ],
    "78": [
        1907
    ],
    "79": [
        509
    ],
    "80": [
        1486
    ],
    "81": [
        1417
    ],
    "82": [
        713,
        786
    ],
    "83": [
        875
    ],
    "84": [
        562
    ],
    "85": [
        340,
        518
    ],
    "86": [
        1903,
        1956
    ],
    "87": [
        1658,
        1685
    ],
    "88": [
        121,
        784
    ],
    "89": [
        645
    ],
    "90": [
        1220
    ],
    "91": [
        327
    ],
    "92": [
        1527
    ],
    "93": [
        902
    ],
    "94": [
        651
    ],
    "95": [
        1512
    ],
    "96": [
        473,
        696
    ],
    "97": [
        1598
    ],
    "98": [
        1628
    ],
    "99": [
        419,
        685
    ],
    "100": [
        1705
    ],
    "101": [
        74,
        273
    ],
    "102": [
        588
    ],
    "103": [
        1744
    ],
    "104": [
        1897
    ],
    "105": [
        57,
        1051
    ],
    "106": [
        585
    ],
    "107": [
        1683
    ],
    "108": [
        1113
    ],
    "109": [
        1007
    ],
    "110": [
        622,
        747,
        916,
        1124,
        1137
    ],
    "111": [
        837
    ],
    "112": [
        552
    ],
    "113": [
        1750
    ],
    "114": [
        130,
        408
    ],
    "115": [
        693
    ],
    "116": [
        731
    ],
    "117": [
        38,
        294,
        323,
        796,
        1211,
        1954
    ],
    "118": [
        713,
        786
    ],
    "119": [
        287
    ],
    "120": [
        756,
        1712,
        1859
    ],
    "121": [
        135
    ],
    "122": [
        120,
        170,
        224,
        475,
        542,
        737,
        1116,
        1235,
        1288,
        1343,
        1431,
        1585,
        1794
    ],
    "123": [
        12,
        70,
        936,
        1109,
        1515,
        1568,
        1629
    ],
    "124": [
        1135
    ],
    "125": [
        602
    ],
    "126": [
        207
    ],
    "127": [
        94
    ],
    "128": [
        653
    ],
    "129": [
        114
    ],
    "130": [
        1,
        37,
        47,
        52,
        72,
        89,
        126,
        170,
        215,
        224,
        231,
        243,
        261,
        281,
        291,
        295,
        308,
        336,
        337,
        367,
        379,
        393,
        411,
        432,
        437,
        475,
        488,
        498,
        506,
        542,
        553,
        571,
        573,
        605,
        627,
        658,
        671,
        672,
        677,
        678,
        681,
        706,
        708,
        721,
        737,
        752,
        765,
        777,
        836,
        838,
        850,
        871,
        888,
        929,
        1032,
        1118,
        1119,
        1133,
        1218,
        1235,
        1250,
        1271,
        1288,
        1317,
        1327,
        1343,
        1346,
        1396,
        1415,
        1482,
        1514,
        1516,
        1534,
        1585,
        1622,
        1630,
        1656,
        1695,
        1724,
        1820,
        1897,
        1901,
        1908,
        1936,
        1961
    ],
    "131": [
        504
    ],
    "132": [
        468
    ],
    "133": [
        155,
        613,
        802,
        807,
        1196,
        1208,
        1212,
        1266,
        1583,
        1802
    ],
    "134": [
        1773
    ],
    "135": [
        440
    ],
    "136": [
        750
    ],
    "137": [
        517
    ],
    "138": [
        577
    ],
    "139": [
        925,
        948
    ],
    "140": [
        15
    ],
    "141": [
        732
    ],
    "142": [
        232
    ],
    "143": [
        658
    ],
    "144": [
        866
    ],
    "145": [
        283
    ],
    "146": [
        1953
    ],
    "147": [
        750
    ],
    "148": [
        685
    ],
    "149": [
        37,
        843,
        929
    ],
    "150": [
        1204
    ],
    "151": [
        1256,
        1574,
        1679,
        1871
    ],
    "152": [
        573,
        749,
        981,
        1012,
        1333,
        1393,
        1517,
        1528
    ],
    "153": [
        1476
    ],
    "154": [
        1845
    ],
    "155": [
        956,
        1290,
        1307
    ],
    "156": [
        439
    ],
    "157": [
        1402
    ],
    "158": [
        161,
        169,
        961,
        1329
    ],
    "159": [
        1326
    ],
    "160": [
        1940
    ],
    "161": [
        116
    ],
    "162": [
        35,
        39,
        1136,
        1650,
        1960
    ],
    "163": [
        106,
        1069,
        1454,
        1472,
        1785,
        1950
    ],
    "164": [
        361,
        900,
        1413,
        1510
    ],
    "165": [
        1234
    ],
    "166": [
        634
    ],
    "167": [
        179
    ],
    "168": [
        1259
    ],
    "169": [
        721,
        1961
    ],
    "170": [
        1218
    ],
    "171": [
        395,
        514,
        633,
        746,
        754,
        930,
        1066
    ],
    "172": [
        1661
    ],
    "173": [
        1872
    ],
    "174": [
        137,
        326,
        1364
    ],
    "175": [
        964
    ],
    "176": [
        556,
        1003,
        1147,
        1230
    ],
    "177": [
        122,
        751
    ],
    "178": [
        1134
    ],
    "179": [
        1352
    ],
    "180": [
        1592
    ],
    "181": [
        1914
    ],
    "182": [
        475
    ],
    "183": [
        10
    ],
    "184": [
        940,
        951,
        1139,
        1313
    ],
    "185": [
        466
    ],
    "186": [
        607,
        888,
        1196,
        1266,
        1294,
        1397
    ],
    "187": [
        979
    ],
    "188": [
        1814
    ],
    "189": [
        1824
    ],
    "190": [
        24,
        1021
    ],
    "191": [
        462,
        1888
    ],
    "192": [
        40,
        738,
        1308,
        1573,
        1618
    ],
    "193": [
        217,
        1450
    ],
    "194": [
        150,
        1085
    ],
    "195": [
        363
    ],
    "196": [
        166,
        527,
        829,
        838,
        1271,
        1561
    ],
    "197": [
        1103
    ],
    "198": [
        1647
    ],
    "199": [
        1035,
        1804
    ],
    "200": [
        43
    ],
    "201": [
        339
    ],
    "202": [
        318
    ],
    "203": [
        266
    ],
    "204": [
        1383
    ],
    "205": [
        869
    ],
    "206": [
        599,
        1111,
        1112
    ],
    "207": [
        703
    ],
    "208": [
        170,
        542,
        737,
        1412,
        1585
    ],
    "209": [
        1506,
        1584
    ],
    "210": [
        539
    ],
    "211": [
        873
    ],
    "212": [
        476
    ],
    "213": [
        1826
    ],
    "214": [
        1348
    ],
    "215": [
        21,
        1963
    ],
    "216": [
        1918,
        1967
    ],
    "217": [
        140
    ],
    "218": [
        1102
    ],
    "219": [
        71
    ],
    "220": [
        1699
    ],
    "221": [
        353,
        432,
        549,
        770,
        1145,
        1170,
        1378,
        1539,
        1562
    ],
    "222": [
        321
    ],
    "223": [
        1092
    ],
    "224": [
        110
    ],
    "225": [
        228,
        937
    ],
    "226": [
        1350
    ],
    "227": [
        777
    ],
    "228": [
        184,
        1522,
        1635,
        1868,
        1880
    ],
    "229": [
        757
    ],
    "230": [
        1271
    ],
    "231": [
        1092
    ],
    "232": [
        204,
        373,
        851,
        1815,
        1958
    ],
    "233": [
        714,
        992
    ],
    "234": [
        52,
        281,
        346,
        593
    ],
    "235": [
        1759
    ],
    "236": [
        463
    ],
    "237": [
        616,
        1670
    ],
    "238": [
        65,
        97,
        111,
        166,
        527,
        829,
        838,
        1271,
        1357,
        1561,
        1592
    ],
    "239": [
        189,
        212
    ],
    "240": [
        1894
    ],
    "241": [
        949
    ],
    "242": [
        1630
    ],
    "243": [
        1721
    ],
    "244": [
        494,
        840
    ],
    "245": [
        277
    ],
    "246": [
        412
    ],
    "247": [
        269,
        1423
    ],
    "248": [
        1039,
        1213,
        1386,
        1446,
        1509,
        1631,
        1669,
        1680,
        1842,
        1889,
        1900
    ],
    "249": [
        701
    ],
    "250": [
        1837
    ],
    "251": [
        1349
    ],
    "252": [
        1743
    ],
    "253": [
        1772
    ],
    "254": [
        777
    ],
    "255": [
        1384
    ],
    "256": [
        1406
    ],
    "257": [
        285,
        523,
        980,
        1132,
        1243,
        1290,
        1307,
        1380,
        1933
    ],
    "258": [
        333
    ],
    "259": [
        987
    ],
    "260": [
        1857,
        1901
    ],
    "261": [
        364
    ],
    "262": [
        1146
    ],
    "263": [
        968
    ],
    "264": [
        1045
    ],
    "265": [
        535
    ],
    "266": [
        81
    ],
    "267": [
        1113
    ],
    "268": [
        852,
        1096
    ],
    "269": [
        829
    ],
    "270": [
        1457
    ],
    "271": [
        197,
        436,
        863,
        913,
        1194
    ],
    "272": [
        298,
        1073,
        1920,
        1972
    ],
    "273": [
        196,
        377,
        505,
        1123
    ],
    "274": [
        1613
    ],
    "275": [
        1965
    ],
    "276": [
        986
    ],
    "277": [
        524,
        1735
    ],
    "278": [
        311,
        994
    ],
    "279": [
        29
    ],
    "280": [
        5,
        380,
        682,
        971,
        1166
    ],
    "281": [
        1206,
        1684
    ],
    "282": [
        313
    ],
    "283": [
        845
    ],
    "284": [
        21,
        1963
    ],
    "285": [
        774,
        1497
    ],
    "286": [
        850
    ],
    "287": [
        679
    ],
    "288": [
        881
    ],
    "289": [
        792,
        1001
    ],
    "290": [
        791,
        1448,
        1482
    ],
    "291": [
        584
    ],
    "292": [
        779
    ],
    "293": [
        509
    ],
    "294": [
        1200
    ],
    "295": [
        836,
        1656
    ],
    "296": [
        1674,
        1707
    ],
    "297": [
        1607
    ],
    "298": [
        855
    ],
    "299": [
        1789
    ],
    "300": [
        1720
    ],
    "301": [
        54,
        80,
        83,
        230,
        251,
        265,
        285,
        508,
        534,
        776,
        833,
        944,
        980,
        1072,
        1132,
        1243,
        1761,
        1933
    ],
    "302": [
        64
    ],
    "303": [
        1391
    ],
    "304": [
        1916
    ],
    "305": [
        389
    ],
    "306": [
        403
    ],
    "307": [
        1693,
        1911
    ],
    "308": [
        1757
    ],
    "309": [
        112
    ],
    "310": [
        363
    ],
    "311": [
        1067,
        1382
    ],
    "312": [
        586,
        965
    ],
    "313": [
        1117
    ],
    "314": [
        1009
    ],
    "315": [
        86,
        182,
        315,
        1020
    ],
    "316": [
        1492
    ],
    "317": [
        709
    ],
    "318": [
        461
    ],
    "319": [
        1387
    ],
    "320": [
        657,
        836,
        1656
    ],
    "321": [
        1521
    ],
    "322": [
        293
    ],
    "323": [
        1310,
        1453,
        1461,
        1715,
        1849,
        1866,
        1938
    ],
    "324": [
        938
    ],
    "325": [
        1975
    ],
    "326": [
        891,
        1713,
        1783,
        1878
    ],
    "327": [
        893
    ],
    "328": [
        906,
        1485,
        1493
    ],
    "329": [
        1648
    ],
    "330": [
        1636,
        1944
    ],
    "331": [
        309,
        557
    ],
    "332": [
        20
    ],
    "333": [
        1572
    ],
    "334": [
        741
    ],
    "335": [
        634
    ],
    "336": [
        1471
    ],
    "337": [
        1202
    ],
    "338": [
        168
    ],
    "339": [
        1508
    ],
    "340": [
        1556
    ],
    "341": [
        532
    ],
    "342": [
        1745
    ],
    "343": [
        1117
    ],
    "344": [
        582
    ],
    "345": [
        926
    ],
    "346": [
        261
    ],
    "347": [
        451
    ],
    "348": [
        16
    ],
    "349": [
        848
    ],
    "350": [
        1691
    ],
    "351": [
        742
    ],
    "352": [
        453
    ],
    "353": [
        1947
    ],
    "354": [
        42,
        62,
        188,
        208,
        216,
        237,
        301,
        402,
        425,
        469,
        472,
        482,
        519,
        583,
        595,
        603,
        729,
        867,
        954,
        1180,
        1284,
        1323,
        1325,
        1358,
        1371,
        1479,
        1532,
        1606,
        1620,
        1623,
        1639,
        1803,
        1812
    ],
    "355": [
        1863
    ],
    "356": [
        823
    ],
    "357": [
        1840
    ],
    "358": [
        676
    ],
    "359": [
        1028
    ],
    "360": [
        1557
    ],
    "361": [
        939
    ],
    "362": [
        1361
    ],
    "363": [
        1645
    ],
    "364": [
        1881
    ],
    "365": [
        1302
    ],
    "366": [
        361,
        548
    ],
    "367": [
        1107
    ],
    "368": [
        735,
        1389
    ],
    "369": [
        758
    ],
    "370": [
        1644
    ],
    "371": [
        1078
    ],
    "372": [
        497
    ],
    "373": [
        138
    ],
    "374": [
        72
    ],
    "375": [
        709
    ],
    "376": [
        1711
    ],
    "377": [
        174
    ],
    "378": [
        231
    ],
    "379": [
        1159,
        1285,
        1462,
        1477,
        1821,
        1865,
        1924,
        1964
    ],
    "380": [
        385,
        1246
    ],
    "381": [
        22,
        399,
        1666
    ],
    "382": [
        1570
    ],
    "383": [
        106,
        1069,
        1454,
        1472,
        1785,
        1950
    ],
    "384": [
        1186
    ],
    "385": [
        763
    ],
    "386": [
        665,
        835,
        1558
    ],
    "387": [
        573
    ],
    "388": [
        1445
    ],
    "389": [
        576
    ],
    "390": [
        1833
    ],
    "391": [
        214,
        970
    ],
    "392": [
        850
    ],
    "393": [
        1653
    ],
    "394": [
        368,
        409
    ],
    "395": [
        1811
    ],
    "396": [
        317
    ],
    "397": [
        192
    ],
    "398": [
        1337
    ],
    "399": [
        422
    ],
    "400": [
        1895
    ],
    "401": [
        1346
    ],
    "402": [
        553
    ],
    "403": [
        574
    ],
    "404": [
        275,
        695
    ],
    "405": [
        127,
        358,
        414
    ],
    "406": [
        329
    ],
    "407": [
        1322,
        1559
    ],
    "408": [
        495,
        526,
        1199
    ],
    "409": [
        215
    ],
    "410": [
        458
    ],
    "411": [
        85,
        480
    ],
    "412": [
        1750
    ],
    "413": [
        1530
    ],
    "414": [
        430,
        575,
        952,
        1845
    ],
    "415": [
        877
    ],
    "416": [
        887,
        1177
    ],
    "417": [
        1040
    ],
    "418": [
        90,
        1396
    ],
    "419": [
        713,
        786
    ],
    "420": [
        953
    ],
    "421": [
        430
    ],
    "422": [
        157,
        180,
        1153
    ],
    "423": [
        423,
        962
    ],
    "424": [
        143
    ],
    "425": [
        200
    ],
    "426": [
        317,
        700,
        763,
        1607,
        1641
    ],
    "427": [
        1225
    ],
    "428": [
        810
    ],
    "429": [
        767,
        1178
    ],
    "430": [
        454,
        1027
    ],
    "431": [
        1019
    ],
    "432": [
        1416
    ],
    "433": [
        508,
        833
    ],
    "434": [
        719,
        1633
    ],
    "435": [
        462,
        1888
    ],
    "436": [
        507,
        765
    ],
    "437": [
        798
    ],
    "438": [
        900
    ],
    "439": [
        752,
        1936
    ],
    "440": [
        517
    ],
    "441": [
        201
    ],
    "442": [
        1899
    ],
    "443": [
        592
    ],
    "444": [
        13
    ],
    "445": [
        151,
        861
    ],
    "446": [
        706
    ],
    "447": [
        120
    ],
    "448": [
        1483
    ],
    "449": [
        1438
    ],
    "450": [
        23,
        47,
        1327,
        1813,
        1860,
        1915
    ],
    "451": [
        1442
    ],
    "452": [
        1846
    ],
    "453": [
        1828
    ],
    "454": [
        1197
    ],
    "455": [
        690
    ],
    "456": [
        172,
        1747
    ],
    "457": [
        330
    ],
    "458": [
        104,
        1764
    ],
    "459": [
        1745
    ],
    "460": [
        1586
    ],
    "461": [
        489
    ],
    "462": [
        1714
    ],
    "463": [
        1366
    ],
    "464": [
        68,
        92,
        753,
        901,
        1314,
        1807
    ],
    "465": [
        1869
    ],
    "466": [
        1806
    ],
    "467": [
        975,
        1164
    ],
    "468": [
        345,
        410
    ],
    "469": [
        1116
    ],
    "470": [
        146
    ],
    "471": [
        133
    ],
    "472": [
        437,
        506,
        677,
        1415,
        1724
    ],
    "473": [
        437,
        677
    ],
    "474": [
        225
    ],
    "475": [
        1513
    ],
    "476": [
        58,
        1789
    ],
    "477": [
        77,
        159,
        218,
        352,
        443,
        479,
        521,
        541,
        560,
        664,
        922,
        1004,
        1038,
        1279,
        1434,
        1732,
        1793,
        1805,
        1969
    ],
    "478": [
        1641
    ],
    "479": [
        566
    ],
    "480": [
        830,
        1247,
        1701
    ],
    "481": [
        303
    ],
    "482": [
        808
    ],
    "483": [
        235,
        950,
        1733,
        1787
    ],
    "484": [
        1
    ],
    "485": [
        1835
    ],
    "486": [
        1148
    ],
    "487": [
        991,
        1000
    ],
    "488": [
        1808
    ],
    "489": [
        547
    ],
    "490": [
        1636,
        1944
    ],
    "491": [
        678,
        1250
    ],
    "492": [
        1380
    ],
    "493": [
        440
    ],
    "494": [
        1776
    ],
    "495": [
        1090,
        1183,
        1405,
        1589,
        1856,
        1890,
        1891
    ],
    "496": [
        1228
    ],
    "497": [
        1546,
        1731,
        1844
    ],
    "498": [
        1419
    ],
    "499": [
        1220
    ],
    "500": [
        424,
        596,
        702,
        1179
    ],
    "501": [
        1413
    ],
    "502": [
        802,
        1583,
        1802
    ],
    "503": [
        1331
    ],
    "504": [
        141,
        372
    ],
    "505": [
        587
    ],
    "506": [
        826,
        1587
    ],
    "507": [
        12,
        1515
    ],
    "508": [
        79
    ],
    "509": [
        657
    ],
    "510": [
        328,
        856
    ],
    "511": [
        0,
        8,
        154,
        198,
        314,
        319,
        348,
        398,
        405,
        640,
        899,
        910,
        914,
        1079,
        1172,
        1275,
        1367,
        1398,
        1433
    ],
    "512": [
        1258
    ],
    "513": [
        1295
    ],
    "514": [
        1824
    ],
    "515": [
        1697,
        1830
    ],
    "516": [
        113,
        257,
        561,
        973,
        1128,
        1320,
        1345
    ],
    "517": [
        671,
        1966
    ],
    "518": [
        860
    ],
    "519": [
        34
    ],
    "520": [
        213
    ],
    "521": [
        1274
    ],
    "522": [
        772
    ],
    "523": [
        530,
        1780
    ],
    "524": [
        522
    ],
    "525": [
        194
    ],
    "526": [
        397,
        1273
    ],
    "527": [
        674,
        813,
        905,
        1763
    ],
    "528": [
        488,
        700,
        718,
        1858
    ],
    "529": [
        578
    ],
    "530": [
        1893
    ],
    "531": [
        872
    ],
    "532": [
        773,
        1942
    ],
    "533": [
        780
    ],
    "534": [
        1725
    ],
    "535": [
        1698
    ],
    "536": [
        290,
        1061
    ],
    "537": [
        378
    ],
    "538": [
        555
    ],
    "539": [
        727,
        1432
    ],
    "540": [
        96,
        274,
        296,
        1138,
        1545,
        1563
    ],
    "541": [
        791,
        1448,
        1460,
        1660
    ],
    "542": [
        1455,
        1885
    ],
    "543": [
        236
    ],
    "544": [
        1086,
        1760
    ],
    "545": [
        448,
        963
    ],
    "546": [
        582,
        1534
    ],
    "547": [
        815,
        1249,
        1841
    ],
    "548": [
        1214
    ],
    "549": [
        404
    ],
    "550": [
        182,
        315
    ],
    "551": [
        354,
        543
    ],
    "552": [
        591
    ],
    "553": [
        1468,
        1602
    ],
    "554": [
        1708
    ],
    "555": [
        128,
        659
    ],
    "556": [
        815
    ],
    "557": [
        885
    ],
    "558": [
        1426,
        1836,
        1862
    ],
    "559": [
        991,
        1000
    ],
    "560": [
        356,
        615
    ],
    "561": [
        896
    ],
    "562": [
        1621
    ],
    "563": [
        239
    ],
    "564": [
        1717
    ],
    "565": [
        1882,
        1902,
        1935
    ],
    "566": [
        897
    ],
    "567": [
        1328
    ],
    "568": [
        1368
    ],
    "569": [
        473,
        696
    ],
    "570": [
        177
    ],
    "571": [
        530,
        1086,
        1760
    ],
    "572": [
        1140
    ],
    "573": [
        220
    ],
    "574": [
        1130
    ],
    "575": [
        661
    ],
    "576": [
        1338
    ],
    "577": [
        990
    ],
    "578": [
        1810,
        1945
    ],
    "579": [
        921
    ],
    "580": [
        759
    ],
    "581": [
        1094
    ],
    "582": [
        790
    ],
    "583": [
        1412
    ],
    "584": [
        883
    ],
    "585": [
        827,
        1278,
        1499,
        1596,
        1875
    ],
    "586": [
        1,
        1247,
        1701
    ],
    "587": [
        1,
        52,
        72,
        111,
        278,
        281,
        295,
        308,
        336,
        532,
        571,
        601,
        671,
        706,
        857,
        871,
        1037,
        1119,
        1346,
        1555,
        1622
    ],
    "588": [
        173,
        907,
        1100
    ],
    "589": [
        54,
        80,
        83,
        214,
        251,
        265,
        268,
        322,
        508,
        517,
        527,
        534,
        609,
        707,
        759,
        780,
        815,
        833,
        857,
        944,
        970,
        1037,
        1072,
        1076,
        1089,
        1105,
        1249,
        1294,
        1402,
        1460,
        1464,
        1476,
        1568,
        1645,
        1660,
        1761,
        1841
    ],
    "590": [
        304
    ],
    "591": [
        631
    ],
    "592": [
        757
    ],
    "593": [
        37,
        929
    ],
    "594": [
        121,
        784
    ],
    "595": [
        1341
    ],
    "596": [
        489
    ],
    "597": [
        1599
    ],
    "598": [
        1262,
        1418
    ],
    "599": [
        1929
    ],
    "600": [
        1131
    ],
    "601": [
        523
    ],
    "602": [
        1567
    ],
    "603": [
        335,
        1318
    ],
    "604": [
        199,
        568,
        1968
    ],
    "605": [
        1165
    ],
    "606": [
        271,
        903,
        1392
    ],
    "607": [
        418
    ],
    "608": [
        263,
        697
    ],
    "609": [
        1708
    ],
    "610": [
        532
    ],
    "611": [
        1577
    ],
    "612": [
        1482
    ],
    "613": [
        1274
    ],
    "614": [
        694,
        725
    ],
    "615": [
        1541
    ],
    "616": [
        30
    ],
    "617": [
        807
    ],
    "618": [
        1173
    ],
    "619": [
        1443,
        1922
    ],
    "620": [
        379
    ],
    "621": [
        673
    ],
    "622": [
        153,
        820,
        918
    ],
    "623": [
        1344
    ],
    "624": [
        1706
    ],
    "625": [
        1155
    ],
    "626": [
        1031
    ],
    "627": [
        343,
        726,
        1414
    ],
    "628": [
        613
    ],
    "629": [
        614
    ],
    "630": [
        55,
        743,
        795,
        1175
    ],
    "631": [
        1372,
        1657,
        1883
    ],
    "632": [
        1162
    ],
    "633": [
        2,
        56,
        65,
        189,
        212,
        259,
        321,
        894,
        1048,
        1127,
        1234,
        1575,
        1649,
        1719,
        1726,
        1728,
        1798,
        1850,
        1896,
        1962
    ],
    "634": [
        116,
        193,
        245,
        370,
        460,
        584,
        713,
        786,
        1365,
        1385
    ],
    "635": [
        607
    ],
    "636": [
        734
    ],
    "637": [
        681
    ],
    "638": [
        1730
    ],
    "639": [
        759,
        1568,
        1645,
        1660
    ],
    "640": [
        185
    ],
    "641": [
        118,
        429,
        800,
        1236,
        1550,
        1738,
        1925
    ],
    "642": [
        632
    ],
    "643": [
        278,
        1555
    ],
    "644": [
        1599
    ],
    "645": [
        812,
        1163
    ],
    "646": [
        1373,
        1480,
        1520,
        1675,
        1847
    ],
    "647": [
        1298
    ],
    "648": [
        803
    ],
    "649": [
        4,
        19,
        105,
        119,
        1011,
        1580
    ],
    "650": [
        413,
        533,
        589,
        1157,
        1282
    ],
    "651": [
        344
    ],
    "652": [
        164
    ],
    "653": [
        381
    ],
    "654": [
        1905
    ],
    "655": [
        1561
    ],
    "656": [
        1045
    ],
    "657": [
        428,
        885,
        1032,
        1289,
        1317,
        1397,
        1464,
        1825,
        1881
    ],
    "658": [
        571
    ],
    "659": [
        1595
    ],
    "660": [
        1725
    ],
    "661": [
        724
    ],
    "662": [
        1906
    ],
    "663": [
        1467
    ],
    "664": [
        510
    ],
    "665": [
        1365
    ],
    "666": [
        1342
    ],
    "667": [
        1407
    ],
    "668": [
        517
    ],
    "669": [
        1430,
        1923
    ],
    "670": [
        411
    ],
    "671": [
        124
    ],
    "672": [
        291
    ],
    "673": [
        54
    ],
    "674": [
        292,
        1948
    ],
    "675": [
        223
    ],
    "676": [
        1861
    ],
    "677": [
        44
    ],
    "678": [
        630
    ],
    "679": [
        1788
    ],
    "680": [
        1309,
        1444,
        1671
    ],
    "681": [
        528,
        1289
    ],
    "682": [
        1301
    ],
    "683": [
        1406
    ],
    "684": [
        22,
        1235,
        1666
    ],
    "685": [
        268,
        1076
    ],
    "686": [
        330
    ],
    "687": [
        49,
        1796
    ],
    "688": [
        1848
    ],
    "689": [
        125
    ],
    "690": [
        1593,
        1704
    ],
    "691": [
        610
    ],
    "692": [
        393,
        672,
        1516
    ],
    "693": [
        1673,
        1930
    ],
    "694": [
        1110
    ],
    "695": [
        221,
        226,
        307,
        465,
        471,
        485,
        490,
        540,
        563,
        739,
        839,
        842,
        878,
        958,
        995,
        1023,
        1036,
        1052,
        1062,
        1158,
        1222,
        1226,
        1233,
        1293,
        1339,
        1370,
        1379,
        1564,
        1617,
        1696,
        1767,
        1779
    ],
    "696": [
        481,
        999
    ],
    "697": [
        1662
    ],
    "698": [
        1075,
        1095
    ],
    "699": [
        744
    ],
    "700": [
        888,
        1534
    ],
    "701": [
        386
    ],
    "702": [
        1869
    ],
    "703": [
        823,
        1014,
        1015,
        1120
    ],
    "704": [
        310
    ],
    "705": [
        1937
    ],
    "706": [
        637
    ],
    "707": [
        1867
    ],
    "708": [
        1034,
        1877
    ],
    "709": [
        621
    ],
    "710": [
        337
    ],
    "711": [
        1511
    ],
    "712": [
        254
    ],
    "713": [
        147,
        932
    ],
    "714": [
        1535
    ],
    "715": [
        957
    ],
    "716": [
        1683
    ],
    "717": [
        181,
        1181
    ],
    "718": [
        745,
        889
    ],
    "719": [
        1065,
        1082,
        1091,
        1300,
        1694
    ],
    "720": [
        522
    ],
    "721": [
        552,
        789
    ],
    "722": [
        941
    ],
    "723": [
        562
    ],
    "724": [
        193,
        527,
        780,
        887,
        1177
    ],
    "725": [
        195,
        300,
        1351
    ],
    "726": [
        1030
    ],
    "727": [
        660,
        1071
    ],
    "728": [
        771
    ],
    "729": [
        967
    ],
    "730": [
        660,
        1071
    ],
    "731": [
        1496
    ],
    "732": [
        336,
        494,
        628,
        840
    ],
    "733": [
        1914
    ],
    "734": [
        155,
        609,
        1645,
        1820
    ],
    "735": [
        1611,
        1646
    ],
    "736": [
        284
    ],
    "737": [
        1249,
        1841
    ],
    "738": [
        1529,
        1974
    ],
    "739": [
        707,
        1105,
        1460
    ],
    "740": [
        70,
        275,
        695,
        936,
        1109,
        1447
    ],
    "741": [
        276,
        832,
        1191,
        1210,
        1239,
        1388,
        1904
    ],
    "742": [
        672
    ],
    "743": [
        1456
    ],
    "744": [
        1729
    ],
    "745": [
        1359
    ],
    "746": [
        868,
        947,
        1077,
        1080,
        1253,
        1401,
        1421,
        1436,
        1437,
        1440,
        1459,
        1469,
        1538,
        1672,
        1742,
        1781,
        1838,
        1854,
        1977
    ],
    "747": [
        844,
        1375
    ],
    "748": [
        247,
        320
    ],
    "749": [
        655
    ],
    "750": [
        1074
    ],
    "751": [
        1150,
        1237
    ],
    "752": [
        107,
        186,
        203,
        360,
        365,
        374,
        426,
        435,
        486,
        590,
        604,
        620,
        648,
        667,
        668,
        699,
        828,
        859,
        892,
        912,
        927,
        966,
        1006,
        1055,
        1093,
        1188,
        1223,
        1334,
        1376,
        1428,
        1488,
        1543
    ],
    "753": [
        162,
        178,
        814
    ],
    "754": [
        1634
    ],
    "755": [
        639
    ],
    "756": [
        572
    ],
    "757": [
        1659
    ],
    "758": [
        538
    ],
    "759": [
        1494
    ],
    "760": [
        1700
    ],
    "761": [
        251,
        534,
        1614
    ],
    "762": [
        231
    ],
    "763": [
        91,
        434,
        1768
    ],
    "764": [
        1033
    ],
    "765": [
        554
    ],
    "766": [
        447
    ],
    "767": [
        1046
    ],
    "768": [
        1864
    ],
    "769": [
        46,
        69,
        282,
        775,
        898,
        1251,
        1973
    ],
    "770": [
        1242,
        1736
    ],
    "771": [
        452,
        1156,
        1955
    ],
    "772": [
        1600
    ],
    "773": [
        890
    ],
    "774": [
        1363
    ],
    "775": [
        1481
    ],
    "776": [
        736
    ],
    "777": [
        559
    ],
    "778": [
        1431,
        1794
    ],
    "779": [
        156
    ],
    "780": [
        705
    ],
    "781": [
        1852
    ],
    "782": [
        1286
    ],
    "783": [
        1265,
        1547
    ],
    "784": [
        145,
        167,
        670,
        1119
    ],
    "785": [
        1927
    ],
    "786": [
        22,
        55,
        743,
        795,
        1175,
        1368,
        1666
    ],
    "787": [
        752
    ],
    "788": [
        1663
    ],
    "789": [
        1746
    ],
    "790": [
        1171
    ],
    "791": [
        115
    ],
    "792": [
        1553,
        1832
    ],
    "793": [
        322,
        1951
    ],
    "794": [
        1238
    ],
    "795": [
        222
    ],
    "796": [
        1121
    ],
    "797": [
        484
    ],
    "798": [
        209
    ],
    "799": [
        857,
        1037
    ],
    "800": [
        1478,
        1519
    ],
    "801": [
        1473
    ],
    "802": [
        1569
    ],
    "803": [
        627
    ],
    "804": [
        509
    ],
    "805": [
        136,
        1777
    ],
    "806": [
        183,
        1268,
        1410
    ],
    "807": [
        1788
    ],
    "808": [
        44,
        390
    ],
    "809": [
        1272
    ],
    "810": [
        662,
        1525,
        1632,
        1676
    ],
    "811": [
        1013
    ],
    "812": [
        1357
    ],
    "813": [
        1898
    ],
    "814": [
        1134
    ],
    "815": [
        1346
    ],
    "816": [
        312,
        884,
        1229,
        1451
    ],
    "817": [
        1060
    ],
    "818": [
        551
    ],
    "819": [
        681
    ],
    "820": [
        1780
    ],
    "821": [
        116,
        442,
        484,
        616,
        874,
        1176,
        1258,
        1272,
        1289,
        1442,
        1647,
        1670,
        1872
    ],
    "822": [
        768,
        1501
    ],
    "823": [
        1024
    ],
    "824": [
        1665
    ],
    "825": [
        1357
    ],
    "826": [
        1330
    ],
    "827": [
        1576
    ],
    "828": [
        1608
    ],
    "829": [
        579
    ],
    "830": [
        656,
        1797
    ],
    "831": [
        1884
    ],
    "832": [
        1414
    ],
    "833": [
        1408
    ],
    "834": [
        384,
        635,
        1056,
        1591,
        1741
    ],
    "835": [
        644,
        1018
    ],
    "836": [
        297
    ],
    "837": [
        645
    ],
    "838": [
        268,
        1076
    ],
    "839": [
        1709
    ],
    "840": [
        1692
    ],
    "841": [
        654,
        1799
    ],
    "842": [
        1782
    ],
    "843": [
        718,
        1487,
        1858
    ],
    "844": [
        1818
    ],
    "845": [
        618
    ],
    "846": [
        1404
    ],
    "847": [
        1839
    ],
    "848": [
        1475,
        1855
    ],
    "849": [
        285,
        1132
    ],
    "850": [
        1806
    ],
    "851": [
        271,
        627,
        765,
        1218,
        1392
    ],
    "852": [
        399
    ],
    "853": [
        1495
    ],
    "854": [
        127,
        414,
        612,
        789,
        1447
    ],
    "855": [
        63
    ],
    "856": [
        351
    ],
    "857": [
        1652
    ],
    "858": [
        707,
        1105
    ],
    "859": [
        1687
    ],
    "860": [
        920
    ],
    "861": [
        1281
    ],
    "862": [
        1822,
        1887
    ],
    "863": [
        1059,
        1429
    ],
    "864": [
        1104
    ],
    "865": [
        1490
    ],
    "866": [
        468,
        1501
    ],
    "867": [
        1162,
        1692
    ],
    "868": [
        1484
    ],
    "869": [
        952
    ],
    "870": [
        652
    ],
    "871": [
        647,
        824
    ],
    "872": [
        210
    ],
    "873": [
        580
    ],
    "874": [
        283,
        329
    ],
    "875": [
        688
    ],
    "876": [
        75,
        433
    ],
    "877": [
        166,
        428
    ],
    "878": [
        1416
    ],
    "879": [
        1489
    ],
    "880": [
        58,
        980
    ],
    "881": [
        125,
        1118
    ],
    "882": [
        1466
    ],
    "883": [
        1971
    ],
    "884": [
        337
    ],
    "885": [
        424,
        596,
        702,
        1330
    ],
    "886": [
        224,
        1198,
        1288,
        1343
    ],
    "887": [
        1098
    ],
    "888": [
        438
    ],
    "889": [
        1074
    ],
    "890": [
        1755,
        1910
    ],
    "891": [
        163
    ],
    "892": [
        1072,
        1122
    ],
    "893": [
        1415,
        1527,
        1724
    ],
    "894": [
        1518
    ],
    "895": [
        731,
        1212
    ],
    "896": [
        711
    ],
    "897": [
        18,
        1125,
        1149,
        1169,
        1335,
        1526,
        1582,
        1716,
        1786,
        1834
    ],
    "898": [
        109,
        989,
        1723
    ],
    "899": [
        243
    ],
    "900": [
        1264
    ],
    "901": [
        1820
    ],
    "902": [
        689,
        1936
    ],
    "903": [
        308,
        1748
    ],
    "904": [
        1695
    ],
    "905": [
        722
    ],
    "906": [
        367,
        498,
        605,
        678,
        708,
        1250
    ],
    "907": [
        713,
        786
    ],
    "908": [
        1020
    ],
    "909": [
        76,
        249
    ],
    "910": [
        475,
        1235
    ],
    "911": [
        646
    ],
    "912": [
        959
    ],
    "913": [
        96,
        274,
        1138,
        1545
    ],
    "914": [
        1476,
        1897
    ],
    "915": [
        400
    ],
    "916": [
        97
    ],
    "917": [
        1047
    ],
    "918": [
        1290,
        1307
    ],
    "919": [
        1829
    ],
    "920": [
        1939
    ],
    "921": [
        778,
        1219
    ],
    "922": [
        911
    ],
    "923": [
        359
    ],
    "924": [
        1912,
        1919
    ],
    "925": [
        756,
        1712,
        1859
    ],
    "926": [
        1458
    ],
    "927": [
        1207
    ],
    "928": [
        367,
        498,
        605,
        708
    ],
    "929": [
        723
    ],
    "930": [
        1470
    ],
    "931": [
        190,
        1441
    ],
    "932": [
        245,
        1365
    ],
    "933": [
        89
    ],
    "934": [
        65
    ],
    "935": [
        1201
    ],
    "936": [
        600
    ],
    "937": [
        546,
        1159,
        1285,
        1462,
        1477,
        1821,
        1865,
        1924,
        1964
    ],
    "938": [
        13
    ],
    "939": [
        1978
    ],
    "940": [
        1735
    ],
    "941": [
        638,
        762,
        1064,
        1319,
        1581
    ],
    "942": [
        205
    ],
    "943": [
        1609
    ],
    "944": [
        243,
        810,
        1792,
        1864
    ],
    "945": [
        129,
        717,
        1108,
        1321
    ],
    "946": [
        246
    ],
    "947": [
        782,
        976
    ],
    "948": [
        1552
    ],
    "949": [
        1825
    ],
    "950": [
        101
    ],
    "951": [
        1122
    ],
    "952": [
        993
    ],
    "953": [
        537,
        1762
    ],
    "954": [
        684
    ],
    "955": [
        1176
    ],
    "956": [
        1959
    ],
    "957": [
        1464,
        1497
    ],
    "958": [
        569
    ],
    "959": [
        1017
    ],
    "960": [
        506
    ],
    "961": [
        721,
        1961
    ],
    "962": [
        544
    ],
    "963": [
        586,
        1494,
        1714
    ],
    "964": [
        704
    ],
    "965": [
        303,
        473,
        696
    ],
    "966": [
        1349
    ],
    "967": [
        623
    ],
    "968": [
        25,
        470
    ],
    "969": [
        496
    ],
    "970": [
        451,
        1030,
        1886
    ],
    "971": [
        1232
    ],
    "972": [
        264,
        1425
    ],
    "973": [
        1178
    ],
    "974": [
        1478,
        1519
    ],
    "975": [
        1626
    ],
    "976": [
        455,
        1044,
        1276,
        1686
    ],
    "977": [
        265,
        944
    ],
    "978": [
        985
    ],
    "979": [
        801,
        1356
    ],
    "980": [
        1625
    ],
    "981": [
        698
    ],
    "982": [
        21,
        1750,
        1963
    ],
    "983": [
        1154,
        1252
    ],
    "984": [
        1374
    ],
    "985": [
        267
    ],
    "986": [
        531
    ],
    "987": [
        41,
        59,
        171,
        324,
        1790
    ],
    "988": [
        644
    ],
    "989": [
        983
    ],
    "990": [
        1765
    ],
    "991": [
        1638
    ],
    "992": [
        520
    ],
    "993": [
        1260,
        1327,
        1510
    ],
    "994": [
        126
    ],
    "995": [
        3,
        272,
        286,
        821,
        865,
        876,
        1184,
        1316,
        1771
    ],
    "996": [
        553
    ],
    "997": [
        296,
        1563
    ],
    "998": [
        1592
    ],
    "999": [
        1336
    ],
    "1000": [
        1784,
        1816
    ],
    "1001": [
        1070,
        1409,
        1640
    ],
    "1002": [
        334
    ],
    "1003": [
        149,
        306,
        347,
        871
    ],
    "1004": [
        1244,
        1753,
        1952
    ],
    "1005": [
        624
    ],
    "1006": [
        1269
    ],
    "1007": [
        89
    ],
    "1008": [
        261
    ],
    "1009": [
        84
    ],
    "1010": [
        1161,
        1315
    ],
    "1011": [
        1350
    ],
    "1012": [
        1851,
        1949
    ],
    "1013": [
        370
    ],
    "1014": [
        270,
        1474
    ],
    "1015": [
        256
    ],
    "1016": [
        1221
    ],
    "1017": [
        14,
        1084,
        1270,
        1422,
        1452,
        1627,
        1740
    ],
    "1018": [
        1032,
        1317
    ],
    "1019": [
        86
    ],
    "1020": [
        763,
        823,
        975,
        1164,
        1511,
        1956
    ],
    "1021": [
        1677
    ],
    "1022": [
        139
    ],
    "1023": [
        811
    ],
    "1024": [
        131
    ],
    "1025": [
        934
    ],
    "1026": [
        1463
    ],
    "1027": [
        202
    ],
    "1028": [
        1654
    ],
    "1029": [
        241,
        728,
        849,
        1396,
        1778
    ],
    "1030": [
        1018
    ],
    "1031": [
        1514,
        1752
    ],
    "1032": [
        1548
    ],
    "1033": [
        904,
        969
    ],
    "1034": [
        1951
    ],
    "1035": [
        1560
    ],
    "1036": [
        996
    ],
    "1037": [
        831
    ],
    "1038": [
        1667
    ],
    "1039": [
        112,
        852,
        975,
        1096,
        1164,
        1380,
        1956
    ],
    "1040": [
        611
    ],
    "1041": [
        1835
    ],
    "1042": [
        993
    ],
    "1043": [
        442,
        874
    ],
    "1044": [
        1502
    ],
    "1045": [
        279
    ],
    "1046": [
        1931
    ],
    "1047": [
        1772
    ],
    "1048": [
        806,
        817
    ],
    "1049": [
        1860
    ],
    "1050": [
        158,
        416
    ],
    "1051": [
        1604
    ],
    "1052": [
        730
    ],
    "1053": [
        1813
    ],
    "1054": [
        1943
    ],
    "1055": [
        144,
        1068
    ],
    "1056": [
        575
    ],
    "1057": [
        919
    ],
    "1058": [
        1668,
        1843,
        1934
    ],
    "1059": [
        1029
    ],
    "1060": [
        1505,
        1917
    ],
    "1061": [
        175
    ],
    "1062": [
        1932
    ],
    "1063": [
        250
    ],
    "1064": [
        1353,
        1831
    ],
    "1065": [
        1116
    ],
    "1066": [
        1458
    ],
    "1067": [
        392
    ],
    "1068": [
        1795
    ],
    "1069": [
        488
    ],
    "1070": [
        1431,
        1794
    ],
    "1071": [
        355
    ],
    "1072": [
        446,
        1876
    ],
    "1073": [
        88,
        1292
    ],
    "1074": [
        1857
    ],
    "1075": [
        45
    ],
    "1076": [
        1720
    ],
    "1077": [
        1114
    ],
    "1078": [
        1089
    ],
    "1079": [
        982
    ],
    "1080": [
        1610
    ],
    "1081": [
        31,
        123
    ],
    "1082": [
        945,
        998,
        1874
    ],
    "1083": [
        1663
    ],
    "1084": [
        1368
    ],
    "1085": [
        1655
    ],
    "1086": [
        1504
    ],
    "1087": [
        1567
    ],
    "1088": [
        36,
        781,
        1203
    ],
    "1089": [
        148
    ],
    "1090": [
        536,
        1026
    ],
    "1091": [
        1703
    ],
    "1092": [
        716
    ],
    "1093": [
        270,
        1474
    ],
    "1094": [
        964
    ],
    "1095": [
        1354
    ],
    "1096": [
        1688
    ],
    "1097": [
        690,
        1121,
        1898
    ],
    "1098": [
        1664
    ],
    "1099": [
        393,
        1516,
        1774
    ],
    "1100": [
        1106
    ],
    "1101": [
        388,
        1332
    ],
    "1102": [
        919
    ],
    "1103": [
        965
    ],
    "1104": [
        1651
    ],
    "1105": [
        56,
        259,
        1048,
        1127,
        1649,
        1798,
        1962
    ],
    "1106": [
        1681
    ],
    "1107": [
        1827
    ],
    "1108": [
        132
    ],
    "1109": [
        1287
    ],
    "1110": [
        923,
        935
    ],
    "1111": [
        1394
    ],
    "1112": [
        862
    ],
    "1113": [
        1913
    ],
    "1114": [
        9,
        32,
        61,
        87,
        187,
        219,
        229,
        234,
        238,
        289,
        445,
        474,
        567,
        766,
        797,
        1097,
        1101,
        1141,
        1231,
        1306,
        1399,
        1523,
        1537,
        1619,
        1690,
        1727,
        1946
    ],
    "1115": [
        895
    ],
    "1116": [
        22,
        44,
        73,
        112,
        125,
        136,
        190,
        214,
        243,
        291,
        295,
        317,
        368,
        393,
        409,
        462,
        522,
        528,
        601,
        607,
        624,
        657,
        658,
        660,
        672,
        690,
        700,
        707,
        724,
        731,
        736,
        744,
        761,
        763,
        772,
        810,
        823,
        866,
        888,
        957,
        970,
        992,
        1014,
        1015,
        1071,
        1105,
        1118,
        1120,
        1162,
        1173,
        1196,
        1212,
        1235,
        1266,
        1289,
        1294,
        1372,
        1416,
        1478,
        1501,
        1516,
        1519,
        1527,
        1530,
        1586,
        1607,
        1641,
        1657,
        1666,
        1692,
        1749,
        1766,
        1774,
        1777,
        1792,
        1813,
        1864,
        1883,
        1888,
        1903,
        1956
    ],
    "1117": [
        1297
    ],
    "1118": [
        322,
        1402
    ],
    "1119": [
        1174
    ],
    "1120": [
        302
    ],
    "1121": [
        38,
        294,
        323,
        796,
        1211,
        1954
    ],
    "1122": [
        692
    ],
    "1123": [
        515
    ],
    "1124": [
        1511
    ],
    "1125": [
        683
    ],
    "1126": [
        1693,
        1911
    ],
    "1127": [
        1118
    ],
    "1128": [
        1710
    ],
    "1129": [
        658
    ],
    "1130": [
        407
    ],
    "1131": [
        1058
    ],
    "1132": [
        1468,
        1602,
        1766
    ],
    "1133": [
        1243
    ],
    "1134": [
        1179
    ],
    "1135": [
        98
    ],
    "1136": [
        11,
        444,
        1420,
        1734,
        1756,
        1921
    ],
    "1137": [
        689
    ],
    "1138": [
        53
    ],
    "1139": [
        299,
        1590,
        1770
    ],
    "1140": [
        27,
        28,
        51,
        262,
        332,
        342,
        394,
        420,
        421,
        459,
        478,
        491,
        492,
        501,
        565,
        594,
        649,
        663,
        666,
        687,
        733,
        748,
        755,
        788,
        805,
        818,
        928,
        943,
        1005,
        1016,
        1043,
        1054,
        1063,
        1081,
        1142,
        1144,
        1151,
        1152,
        1192,
        1193,
        1209,
        1215,
        1216,
        1217,
        1245,
        1248,
        1254,
        1305,
        1324,
        1347,
        1360,
        1435,
        1507,
        1544,
        1642,
        1678,
        1718,
        1801,
        1817,
        1941,
        1957,
        1976,
        1980
    ],
    "1141": [
        102
    ],
    "1142": [
        245,
        292,
        312,
        836,
        1656,
        1721,
        1948
    ],
    "1143": [
        358,
        812,
        1163,
        1915,
        1953
    ],
    "1144": [
        579
    ],
    "1145": [
        450
    ],
    "1146": [
        1819
    ],
    "1147": [
        1255,
        1277
    ],
    "1148": [
        1383,
        1595
    ],
    "1149": [
        82,
        152,
        371,
        467,
        511,
        715,
        760,
        858,
        1190
    ],
    "1150": [
        23,
        1232,
        1552
    ],
    "1151": [
        1403
    ],
    "1152": [
        931
    ],
    "1153": [
        569
    ],
    "1154": [
        253
    ],
    "1155": [
        581,
        879,
        933,
        1167
    ],
    "1156": [
        1362,
        1682,
        1979
    ],
    "1157": [
        7
    ],
    "1158": [
        959
    ],
    "1159": [
        432
    ],
    "1160": [
        1630
    ],
    "1161": [
        1751
    ],
    "1162": [
        50,
        95,
        99,
        431,
        1566
    ],
    "1163": [
        1601
    ],
    "1164": [
        331,
        1769
    ],
    "1165": [
        997
    ],
    "1166": [
        215
    ],
    "1167": [
        1652
    ],
    "1168": [
        73
    ],
    "1169": [
        449
    ],
    "1170": [
        47
    ],
    "1171": [
        252
    ],
    "1172": [
        206,
        258
    ],
    "1173": [
        1427
    ],
    "1174": [
        1227
    ],
    "1175": [
        448,
        963
    ],
    "1176": [
        1612
    ],
    "1177": [
        1908
    ],
    "1178": [
        90
    ],
    "1179": [
        724,
        1766
    ],
    "1180": [
        764,
        1126
    ],
    "1181": [
        838,
        1744,
        1907
    ],
    "1182": [
        1395
    ],
    "1183": [
        1739
    ],
    "1184": [
        712,
        740
    ],
    "1185": [
        227
    ],
    "1186": [
        587
    ],
    "1187": [
        1514
    ],
    "1188": [
        170,
        542,
        737,
        1585
    ],
    "1189": [
        390
    ],
    "1190": [
        767
    ],
    "1191": [
        503
    ],
    "1192": [
        131
    ],
    "1193": [
        1599
    ],
    "1194": [
        915
    ],
    "1195": [
        1205,
        1624,
        1637,
        1754
    ],
    "1196": [
        183
    ],
    "1197": [
        1220
    ],
    "1198": [
        228,
        937
    ],
    "1199": [
        415
    ],
    "1200": [
        1588
    ],
    "1201": [
        291,
        761
    ],
    "1202": [
        1002
    ],
    "1203": [
        357,
        619,
        1263
    ],
    "1204": [
        570
    ],
    "1205": [
        6
    ],
    "1206": [
        67
    ],
    "1207": [
        1090,
        1183,
        1195,
        1405,
        1589,
        1695,
        1856,
        1890,
        1891
    ],
    "1208": [
        288
    ],
    "1209": [
        17,
        26,
        66,
        93,
        100,
        103,
        142,
        176,
        233,
        280,
        316,
        325,
        349,
        350,
        362,
        366,
        369,
        375,
        382,
        391,
        401,
        417,
        441,
        456,
        477,
        500,
        502,
        516,
        525,
        545,
        564,
        598,
        608,
        625,
        626,
        629,
        636,
        643,
        650,
        769,
        783,
        787,
        794,
        799,
        804,
        809,
        825,
        834,
        846,
        847,
        864,
        908,
        909,
        924,
        946,
        960,
        978,
        1022,
        1025,
        1041,
        1042,
        1050,
        1053,
        1083,
        1088,
        1182,
        1224,
        1240,
        1241,
        1257,
        1280,
        1296,
        1303,
        1304,
        1311,
        1312,
        1377,
        1381,
        1400,
        1536,
        1571,
        1597,
        1603,
        1616,
        1643,
        1758,
        1800,
        1928
    ],
    "1210": [
        822
    ],
    "1211": [
        108,
        917
    ],
    "1212": [
        925,
        948
    ],
    "1213": [
        1749
    ],
    "1214": [
        214,
        970
    ],
    "1215": [
        609
    ],
    "1216": [
        376
    ],
    "1217": [
        837
    ],
    "1218": [
        1439
    ],
    "1219": [
        1133
    ],
    "1220": [
        1369
    ],
    "1221": [
        1283
    ],
    "1222": [
        396
    ],
    "1223": [
        1548
    ],
    "1224": [
        126
    ],
    "1225": [
        224,
        499,
        1288,
        1343
    ],
    "1226": [
        882
    ],
    "1227": [
        1533
    ],
    "1228": [
        1087,
        1411,
        1441,
        1578,
        1926
    ],
    "1229": [
        955
    ],
    "1230": [
        1447
    ],
    "1231": [
        601
    ],
    "1232": [
        78,
        341,
        558
    ],
    "1233": [
        1208
    ],
    "1234": [
        111
    ],
    "1235": [
        1049
    ],
    "1236": [
        977
    ],
    "1237": [
        33,
        597,
        793,
        1689
    ],
    "1238": [
        642
    ],
    "1239": [
        675,
        841,
        853,
        1551
    ],
    "1240": [
        1267
    ],
    "1241": [
        255
    ],
    "1242": [
        1424
    ],
    "1243": [
        211,
        1775
    ],
    "1244": [
        972
    ],
    "1245": [
        1070,
        1409,
        1640
    ],
    "1246": [
        1629
    ],
    "1247": [
        523
    ],
    "1248": [
        48
    ],
    "1249": [
        109,
        989,
        1723
    ],
    "1250": [
        70,
        936,
        1109
    ],
    "1251": [
        1010
    ],
    "1252": [
        992
    ],
    "1253": [
        1542
    ],
    "1254": [
        686
    ],
    "1255": [
        1099,
        1355
    ],
    "1256": [
        830
    ],
    "1257": [
        529
    ],
    "1258": [
        305
    ],
    "1259": [
        242,
        1008,
        1143
    ],
    "1260": [
        1892
    ],
    "1261": [
        1823
    ],
    "1262": [
        1903
    ],
    "1263": [
        1873
    ],
    "1264": [
        78,
        94,
        341,
        773,
        1942
    ],
    "1265": [
        1908
    ]
}