{
    "0": [
        1957
    ],
    "1": [
        271,
        287,
        359,
        403,
        520,
        564,
        579,
        584,
        625,
        645,
        738,
        791,
        886,
        968,
        986,
        1105,
        1154,
        1277,
        1354,
        1460,
        1471,
        1618,
        1872
    ],
    "2": [
        20,
        48,
        74,
        103,
        218,
        220,
        301,
        361,
        363,
        381,
        393,
        402,
        461,
        521,
        524,
        548,
        558,
        583,
        603,
        615,
        672,
        684,
        685,
        741,
        810,
        888,
        954,
        1073,
        1146,
        1180,
        1232,
        1521,
        1556,
        1623,
        1639,
        1681,
        1762,
        1775,
        1812,
        1895,
        1972
    ],
    "3": [
        25,
        29,
        50,
        67,
        73,
        75,
        90,
        113,
        115,
        121,
        125,
        132,
        141,
        149,
        150,
        166,
        172,
        192,
        217,
        235,
        246,
        248,
        254,
        256,
        273,
        299,
        301,
        302,
        327,
        330,
        344,
        348,
        370,
        376,
        381,
        396,
        400,
        403,
        414,
        415,
        432,
        433,
        437,
        453,
        463,
        466,
        467,
        471,
        477,
        478,
        480,
        487,
        496,
        504,
        510,
        521,
        522,
        539,
        547,
        551,
        558,
        559,
        560,
        564,
        570,
        577,
        584,
        591,
        597,
        602,
        604,
        607,
        616,
        620,
        631,
        673,
        676,
        677,
        678,
        693,
        696,
        699,
        705,
        713,
        717,
        719,
        732,
        738,
        744,
        750,
        767,
        771,
        778,
        780,
        787,
        789,
        790,
        801,
        805,
        810,
        817,
        828,
        830,
        845,
        855,
        879,
        886,
        888,
        894,
        931,
        968,
        989,
        1007,
        1009,
        1024,
        1035,
        1062,
        1073,
        1092,
        1121,
        1125,
        1129,
        1135,
        1172,
        1180,
        1193,
        1219,
        1226,
        1231,
        1258,
        1268,
        1285,
        1286,
        1291,
        1314,
        1338,
        1359,
        1362,
        1382,
        1394,
        1414,
        1439,
        1447,
        1453,
        1459,
        1465,
        1471,
        1472,
        1474,
        1478,
        1480,
        1519,
        1545,
        1557,
        1558,
        1568,
        1575,
        1592,
        1621,
        1633,
        1635,
        1663,
        1664,
        1687,
        1699,
        1708,
        1717,
        1733,
        1737,
        1742,
        1746,
        1750,
        1760,
        1765,
        1773,
        1775,
        1780,
        1810,
        1813,
        1819,
        1833,
        1840,
        1845,
        1852,
        1854,
        1862,
        1873,
        1875,
        1876,
        1882,
        1883,
        1902,
        1904,
        1926,
        1940
    ],
    "4": [
        180,
        952,
        953
    ],
    "5": [
        892
    ],
    "6": [
        10,
        34,
        46,
        53,
        67,
        106,
        107,
        115,
        136,
        172,
        182,
        194,
        203,
        235,
        252,
        282,
        315,
        330,
        333,
        347,
        365,
        368,
        377,
        383,
        462,
        497,
        505,
        604,
        606,
        610,
        630,
        639,
        668,
        732,
        735,
        758,
        775,
        828,
        896,
        921,
        950,
        988,
        992,
        996,
        1001,
        1006,
        1116,
        1123,
        1176,
        1235,
        1291,
        1302,
        1311,
        1343,
        1376,
        1464,
        1472,
        1478,
        1504,
        1518,
        1519,
        1540,
        1577,
        1645,
        1654,
        1666,
        1733,
        1746,
        1777,
        1780,
        1785,
        1787,
        1792,
        1828,
        1833,
        1854,
        1877,
        1883,
        1888,
        1899,
        1949,
        1950,
        1973
    ],
    "7": [
        180,
        328,
        952,
        953
    ],
    "8": [
        73,
        90,
        181,
        193,
        353,
        379,
        493,
        632,
        635,
        652,
        728,
        771,
        890,
        1047,
        1157,
        1252,
        1282,
        1382,
        1396,
        1406,
        1489,
        1608,
        1823,
        1840,
        1843,
        1879,
        1922,
        1934
    ],
    "9": [
        654,
        808,
        1109,
        1174,
        1327
    ],
    "10": [
        325,
        1296
    ],
    "11": [
        142
    ],
    "12": [
        328
    ],
    "13": [
        8,
        15,
        26,
        27,
        35,
        39,
        45,
        47,
        56,
        69,
        70,
        77,
        85,
        89,
        100,
        103,
        116,
        124,
        129,
        143,
        152,
        159,
        163,
        165,
        173,
        175,
        176,
        177,
        187,
        200,
        201,
        210,
        213,
        221,
        227,
        239,
        249,
        251,
        261,
        270,
        281,
        284,
        305,
        307,
        369,
        382,
        389,
        390,
        391,
        420,
        424,
        426,
        428,
        444,
        445,
        448,
        449,
        455,
        456,
        464,
        485,
        489,
        501,
        502,
        503,
        508,
        516,
        518,
        527,
        540,
        541,
        543,
        554,
        560,
        562,
        593,
        595,
        598,
        600,
        627,
        641,
        650,
        666,
        667,
        669,
        683,
        701,
        703,
        704,
        712,
        718,
        737,
        743,
        755,
        786,
        795,
        799,
        800,
        808,
        815,
        825,
        826,
        837,
        840,
        843,
        847,
        848,
        868,
        870,
        878,
        893,
        895,
        900,
        906,
        909,
        914,
        915,
        918,
        922,
        925,
        927,
        928,
        929,
        935,
        936,
        941,
        965,
        969,
        979,
        980,
        982,
        987,
        990,
        1000,
        1004,
        1006,
        1010,
        1016,
        1034,
        1036,
        1043,
        1057,
        1058,
        1065,
        1075,
        1089,
        1100,
        1101,
        1103,
        1107,
        1110,
        1132,
        1137,
        1142,
        1146,
        1155,
        1156,
        1171,
        1173,
        1175,
        1186,
        1188,
        1190,
        1194,
        1208,
        1210,
        1213,
        1216,
        1217,
        1221,
        1222,
        1223,
        1224,
        1233,
        1235,
        1240,
        1242,
        1243,
        1244,
        1248,
        1249,
        1256,
        1261,
        1265,
        1273,
        1276,
        1279,
        1280,
        1288,
        1298,
        1307,
        1316,
        1318,
        1319,
        1322,
        1329,
        1331,
        1344,
        1355,
        1356,
        1365,
        1374,
        1375,
        1377,
        1379,
        1386,
        1390,
        1391,
        1405,
        1409,
        1417,
        1423,
        1428,
        1434,
        1435,
        1438,
        1442,
        1444,
        1446,
        1456,
        1467,
        1477,
        1482,
        1484,
        1486,
        1488,
        1494,
        1502,
        1507,
        1508,
        1511,
        1513,
        1524,
        1529,
        1534,
        1547,
        1573,
        1586,
        1596,
        1603,
        1604,
        1627,
        1631,
        1632,
        1634,
        1637,
        1641,
        1643,
        1649,
        1665,
        1668,
        1675,
        1678,
        1688,
        1696,
        1704,
        1705,
        1726,
        1730,
        1731,
        1749,
        1752,
        1753,
        1759,
        1761,
        1768,
        1772,
        1783,
        1784,
        1805,
        1811,
        1815,
        1818,
        1820,
        1824,
        1830,
        1839,
        1846,
        1852,
        1853,
        1858,
        1887,
        1891,
        1899,
        1900,
        1901,
        1927,
        1941,
        1957,
        1969,
        1977
    ],
    "14": [
        109,
        121,
        217,
        317,
        364,
        378,
        396,
        414,
        514,
        549,
        555,
        612,
        616,
        622,
        634,
        695,
        711,
        746,
        752,
        770,
        777,
        790,
        923,
        932,
        959,
        989,
        994,
        1026,
        1066,
        1080,
        1124,
        1129,
        1161,
        1315,
        1338,
        1344,
        1378,
        1401,
        1412,
        1440,
        1447,
        1497,
        1535,
        1538,
        1544,
        1553,
        1562,
        1659,
        1662,
        1698,
        1710,
        1742,
        1773,
        1873,
        1893,
        1907
    ],
    "15": [
        140,
        487,
        631,
        730,
        1135,
        1264,
        1383,
        1568,
        1638,
        1655,
        1660,
        1736,
        1739,
        1765,
        1806
    ],
    "16": [
        0,
        3,
        5,
        6,
        7,
        9,
        12,
        15,
        17,
        21,
        23,
        24,
        25,
        26,
        29,
        31,
        32,
        33,
        36,
        39,
        40,
        41,
        42,
        43,
        45,
        46,
        47,
        48,
        49,
        50,
        52,
        53,
        55,
        57,
        58,
        62,
        64,
        65,
        67,
        68,
        69,
        70,
        73,
        74,
        75,
        77,
        78,
        79,
        80,
        82,
        83,
        84,
        86,
        90,
        92,
        95,
        96,
        101,
        102,
        104,
        105,
        108,
        110,
        111,
        113,
        115,
        117,
        121,
        123,
        125,
        126,
        130,
        131,
        132,
        134,
        136,
        137,
        139,
        141,
        143,
        144,
        146,
        149,
        150,
        152,
        153,
        157,
        159,
        160,
        161,
        162,
        164,
        166,
        168,
        170,
        171,
        172,
        173,
        174,
        175,
        176,
        180,
        181,
        182,
        183,
        184,
        186,
        188,
        190,
        192,
        193,
        194,
        196,
        197,
        199,
        200,
        201,
        202,
        205,
        206,
        207,
        209,
        211,
        214,
        215,
        216,
        217,
        218,
        220,
        222,
        223,
        225,
        227,
        228,
        229,
        230,
        233,
        235,
        236,
        237,
        240,
        242,
        243,
        246,
        248,
        254,
        255,
        256,
        258,
        259,
        260,
        262,
        264,
        265,
        269,
        271,
        272,
        273,
        275,
        277,
        280,
        281,
        282,
        284,
        285,
        287,
        288,
        290,
        291,
        292,
        293,
        294,
        295,
        296,
        299,
        300,
        301,
        302,
        304,
        306,
        307,
        309,
        310,
        312,
        313,
        314,
        316,
        318,
        319,
        320,
        322,
        326,
        327,
        330,
        332,
        335,
        336,
        337,
        340,
        342,
        344,
        346,
        348,
        349,
        350,
        351,
        352,
        354,
        356,
        357,
        358,
        359,
        360,
        361,
        362,
        363,
        365,
        366,
        369,
        370,
        371,
        376,
        378,
        381,
        384,
        386,
        387,
        389,
        393,
        396,
        398,
        399,
        400,
        401,
        403,
        404,
        405,
        407,
        410,
        411,
        414,
        415,
        416,
        419,
        422,
        430,
        432,
        433,
        436,
        437,
        439,
        442,
        444,
        453,
        454,
        456,
        458,
        461,
        463,
        464,
        466,
        467,
        468,
        471,
        472,
        473,
        477,
        478,
        479,
        480,
        482,
        483,
        484,
        487,
        488,
        494,
        495,
        496,
        498,
        499,
        503,
        504,
        506,
        508,
        509,
        510,
        511,
        513,
        514,
        516,
        517,
        520,
        521,
        522,
        523,
        524,
        526,
        528,
        532,
        533,
        537,
        539,
        540,
        545,
        546,
        547,
        548,
        550,
        551,
        552,
        556,
        557,
        558,
        559,
        560,
        564,
        565,
        566,
        568,
        570,
        571,
        572,
        574,
        576,
        577,
        578,
        579,
        580,
        584,
        585,
        591,
        592,
        593,
        594,
        596,
        597,
        600,
        601,
        602,
        604,
        605,
        606,
        607,
        610,
        611,
        612,
        613,
        615,
        616,
        617,
        619,
        620,
        621,
        625,
        627,
        628,
        629,
        630,
        631,
        635,
        638,
        640,
        642,
        645,
        646,
        647,
        648,
        651,
        654,
        655,
        656,
        658,
        659,
        660,
        662,
        663,
        665,
        666,
        671,
        673,
        675,
        676,
        677,
        678,
        679,
        681,
        682,
        683,
        686,
        688,
        689,
        691,
        693,
        694,
        696,
        697,
        698,
        699,
        702,
        704,
        705,
        707,
        709,
        712,
        713,
        714,
        717,
        719,
        721,
        724,
        725,
        726,
        727,
        728,
        729,
        730,
        731,
        732,
        734,
        736,
        738,
        742,
        744,
        745,
        747,
        749,
        750,
        751,
        752,
        753,
        756,
        757,
        759,
        760,
        761,
        762,
        764,
        767,
        768,
        770,
        771,
        772,
        774,
        776,
        778,
        779,
        780,
        781,
        782,
        784,
        787,
        789,
        790,
        791,
        793,
        794,
        797,
        799,
        801,
        803,
        805,
        806,
        809,
        810,
        811,
        812,
        813,
        814,
        816,
        817,
        823,
        826,
        827,
        828,
        830,
        832,
        833,
        834,
        836,
        837,
        838,
        839,
        842,
        843,
        844,
        845,
        852,
        855,
        857,
        858,
        859,
        860,
        861,
        864,
        866,
        875,
        879,
        883,
        886,
        888,
        889,
        890,
        891,
        893,
        894,
        897,
        899,
        900,
        901,
        903,
        907,
        908,
        913,
        916,
        917,
        921,
        922,
        924,
        926,
        931,
        932,
        933,
        935,
        936,
        937,
        943,
        944,
        945,
        946,
        948,
        949,
        952,
        953,
        954,
        955,
        956,
        958,
        962,
        967,
        968,
        970,
        974,
        984,
        985,
        986,
        989,
        990,
        991,
        993,
        995,
        996,
        997,
        999,
        1002,
        1003,
        1007,
        1009,
        1011,
        1013,
        1014,
        1015,
        1017,
        1018,
        1024,
        1028,
        1030,
        1031,
        1032,
        1035,
        1038,
        1039,
        1040,
        1042,
        1043,
        1045,
        1047,
        1049,
        1050,
        1051,
        1053,
        1054,
        1056,
        1057,
        1060,
        1061,
        1062,
        1065,
        1067,
        1068,
        1070,
        1072,
        1073,
        1074,
        1075,
        1076,
        1079,
        1086,
        1087,
        1088,
        1089,
        1090,
        1091,
        1092,
        1100,
        1102,
        1104,
        1105,
        1107,
        1108,
        1110,
        1111,
        1113,
        1114,
        1116,
        1118,
        1119,
        1120,
        1121,
        1123,
        1125,
        1126,
        1127,
        1128,
        1129,
        1130,
        1132,
        1133,
        1134,
        1135,
        1136,
        1138,
        1139,
        1140,
        1143,
        1145,
        1151,
        1152,
        1154,
        1155,
        1158,
        1159,
        1166,
        1167,
        1168,
        1169,
        1172,
        1174,
        1177,
        1178,
        1179,
        1180,
        1181,
        1187,
        1188,
        1191,
        1192,
        1193,
        1194,
        1195,
        1197,
        1199,
        1200,
        1202,
        1204,
        1205,
        1206,
        1209,
        1212,
        1219,
        1220,
        1224,
        1225,
        1226,
        1230,
        1231,
        1232,
        1236,
        1237,
        1239,
        1243,
        1245,
        1248,
        1250,
        1256,
        1257,
        1258,
        1260,
        1261,
        1263,
        1267,
        1268,
        1269,
        1270,
        1271,
        1272,
        1275,
        1277,
        1278,
        1285,
        1286,
        1287,
        1288,
        1289,
        1291,
        1293,
        1294,
        1295,
        1297,
        1300,
        1309,
        1310,
        1314,
        1315,
        1316,
        1317,
        1318,
        1321,
        1322,
        1323,
        1324,
        1325,
        1327,
        1328,
        1329,
        1330,
        1333,
        1335,
        1336,
        1337,
        1338,
        1340,
        1341,
        1343,
        1345,
        1347,
        1349,
        1350,
        1352,
        1354,
        1355,
        1358,
        1359,
        1361,
        1362,
        1363,
        1364,
        1366,
        1367,
        1368,
        1369,
        1371,
        1373,
        1381,
        1382,
        1384,
        1387,
        1390,
        1392,
        1393,
        1394,
        1395,
        1400,
        1402,
        1403,
        1404,
        1405,
        1407,
        1408,
        1409,
        1410,
        1414,
        1415,
        1417,
        1419,
        1425,
        1427,
        1429,
        1431,
        1432,
        1434,
        1436,
        1437,
        1438,
        1439,
        1441,
        1442,
        1443,
        1444,
        1445,
        1447,
        1448,
        1453,
        1455,
        1457,
        1458,
        1459,
        1460,
        1461,
        1463,
        1465,
        1466,
        1469,
        1470,
        1471,
        1472,
        1473,
        1474,
        1475,
        1476,
        1477,
        1478,
        1479,
        1480,
        1481,
        1483,
        1484,
        1487,
        1489,
        1491,
        1493,
        1496,
        1497,
        1499,
        1504,
        1505,
        1510,
        1511,
        1512,
        1513,
        1514,
        1515,
        1516,
        1517,
        1519,
        1520,
        1521,
        1523,
        1525,
        1526,
        1527,
        1530,
        1534,
        1536,
        1542,
        1544,
        1545,
        1546,
        1547,
        1548,
        1549,
        1550,
        1552,
        1557,
        1558,
        1559,
        1565,
        1567,
        1568,
        1569,
        1570,
        1575,
        1576,
        1578,
        1583,
        1588,
        1589,
        1591,
        1592,
        1593,
        1595,
        1597,
        1598,
        1600,
        1607,
        1611,
        1613,
        1614,
        1616,
        1617,
        1618,
        1620,
        1621,
        1622,
        1626,
        1630,
        1631,
        1632,
        1633,
        1635,
        1636,
        1642,
        1644,
        1646,
        1647,
        1648,
        1650,
        1651,
        1654,
        1661,
        1663,
        1664,
        1669,
        1673,
        1674,
        1675,
        1676,
        1680,
        1681,
        1684,
        1686,
        1687,
        1688,
        1692,
        1694,
        1697,
        1698,
        1699,
        1700,
        1705,
        1706,
        1707,
        1708,
        1712,
        1715,
        1716,
        1717,
        1718,
        1719,
        1720,
        1724,
        1725,
        1727,
        1730,
        1733,
        1734,
        1737,
        1738,
        1740,
        1742,
        1744,
        1746,
        1748,
        1749,
        1750,
        1751,
        1752,
        1754,
        1758,
        1760,
        1762,
        1764,
        1765,
        1766,
        1769,
        1770,
        1772,
        1773,
        1775,
        1776,
        1777,
        1778,
        1780,
        1782,
        1783,
        1785,
        1786,
        1790,
        1791,
        1793,
        1796,
        1797,
        1800,
        1802,
        1803,
        1807,
        1808,
        1810,
        1813,
        1814,
        1816,
        1817,
        1819,
        1820,
        1821,
        1822,
        1824,
        1825,
        1826,
        1827,
        1829,
        1830,
        1832,
        1833,
        1836,
        1837,
        1840,
        1843,
        1845,
        1846,
        1847,
        1849,
        1852,
        1854,
        1856,
        1857,
        1859,
        1860,
        1861,
        1862,
        1865,
        1866,
        1868,
        1869,
        1871,
        1872,
        1873,
        1875,
        1876,
        1878,
        1879,
        1880,
        1881,
        1882,
        1883,
        1884,
        1885,
        1886,
        1887,
        1891,
        1892,
        1893,
        1895,
        1896,
        1898,
        1902,
        1903,
        1904,
        1905,
        1911,
        1913,
        1914,
        1915,
        1917,
        1922,
        1924,
        1925,
        1926,
        1928,
        1929,
        1930,
        1931,
        1932,
        1934,
        1935,
        1936,
        1939,
        1940,
        1943,
        1944,
        1947,
        1953,
        1954,
        1956,
        1959,
        1960,
        1961,
        1963,
        1964,
        1965,
        1967,
        1971,
        1972,
        1973,
        1978
    ],
    "17": [
        892
    ],
    "18": [
        1103
    ],
    "19": [
        322,
        607,
        680,
        801
    ],
    "20": [
        155,
        203,
        372,
        695,
        829,
        997,
        1628
    ],
    "21": [
        350,
        491,
        1041,
        1111,
        1221,
        1948
    ],
    "22": [
        375
    ],
    "23": [
        1022
    ],
    "24": [
        0,
        28,
        100,
        104,
        131,
        215,
        231,
        319,
        348,
        450,
        602,
        620,
        658,
        864,
        903,
        1029,
        1045,
        1095,
        1192,
        1200,
        1228,
        1335,
        1348,
        1349,
        1359,
        1433,
        1451,
        1514,
        1595,
        1610,
        1652,
        1707,
        1837,
        1915,
        1929
    ],
    "25": [
        5,
        25,
        31,
        57,
        68,
        75,
        79,
        92,
        104,
        123,
        126,
        157,
        184,
        200,
        236,
        243,
        248,
        256,
        288,
        291,
        327,
        335,
        378,
        386,
        433,
        454,
        463,
        484,
        498,
        510,
        513,
        517,
        522,
        568,
        576,
        578,
        592,
        605,
        642,
        675,
        678,
        681,
        714,
        736,
        753,
        770,
        803,
        855,
        860,
        875,
        891,
        897,
        901,
        921,
        937,
        953,
        967,
        999,
        1015,
        1030,
        1051,
        1060,
        1076,
        1102,
        1104,
        1107,
        1116,
        1120,
        1130,
        1199,
        1297,
        1318,
        1393,
        1402,
        1431,
        1480,
        1546,
        1559,
        1595,
        1635,
        1680,
        1699,
        1730,
        1751,
        1793,
        1807,
        1836,
        1861,
        1868,
        1880,
        1891,
        1892,
        1915,
        1935,
        1947,
        1961,
        1964
    ],
    "26": [
        43,
        324,
        359,
        689,
        902,
        955,
        959,
        972,
        1034,
        1122,
        1172,
        1176,
        1311,
        1494,
        1706,
        1735,
        1806,
        1877,
        1965
    ],
    "27": [
        14,
        128,
        130,
        145,
        160,
        190,
        255,
        258,
        286,
        303,
        326,
        408,
        418,
        429,
        539,
        637,
        657,
        659,
        800,
        806,
        817,
        821,
        872,
        876,
        877,
        879,
        1035,
        1040,
        1084,
        1085,
        1094,
        1167,
        1204,
        1236,
        1270,
        1353,
        1441,
        1452,
        1492,
        1624,
        1627,
        1637,
        1740,
        1771,
        1800,
        1831,
        1876,
        1916
    ],
    "28": [
        63,
        375,
        525,
        608,
        636,
        643,
        687,
        769,
        804,
        825,
        873,
        892,
        960,
        979,
        1005,
        1025,
        1182,
        1253,
        1976
    ],
    "29": [
        142
    ],
    "30": [
        443,
        500,
        529,
        769,
        897,
        939,
        1182,
        1253,
        1255,
        1284,
        1528,
        1619,
        1727,
        1770
    ],
    "31": [
        7,
        31,
        111,
        123,
        174,
        260,
        272,
        293,
        318,
        322,
        350,
        361,
        387,
        393,
        461,
        468,
        484,
        642,
        645,
        656,
        658,
        714,
        753,
        772,
        776,
        799,
        813,
        833,
        866,
        926,
        932,
        952,
        962,
        974,
        985,
        995,
        1039,
        1042,
        1049,
        1050,
        1054,
        1060,
        1074,
        1174,
        1188,
        1232,
        1256,
        1263,
        1297,
        1322,
        1335,
        1343,
        1349,
        1350,
        1369,
        1395,
        1434,
        1445,
        1504,
        1516,
        1536,
        1547,
        1552,
        1598,
        1681,
        1698,
        1707,
        1712,
        1718,
        1808,
        1837,
        1886,
        1892,
        1895,
        1896,
        1924,
        1939,
        1954,
        1972
    ],
    "32": [
        366,
        495,
        594,
        788,
        1098,
        1264,
        1379,
        1501,
        1807,
        1968,
        1980
    ],
    "33": [
        624
    ],
    "34": [
        0,
        3,
        6,
        15,
        17,
        21,
        23,
        26,
        33,
        40,
        41,
        42,
        43,
        45,
        47,
        53,
        55,
        58,
        62,
        64,
        65,
        70,
        78,
        84,
        86,
        92,
        95,
        96,
        101,
        105,
        108,
        110,
        117,
        130,
        131,
        134,
        136,
        137,
        144,
        146,
        160,
        161,
        164,
        168,
        170,
        180,
        181,
        182,
        183,
        186,
        193,
        196,
        197,
        199,
        205,
        206,
        211,
        214,
        215,
        225,
        227,
        228,
        229,
        233,
        240,
        242,
        255,
        258,
        265,
        272,
        275,
        277,
        280,
        287,
        288,
        292,
        294,
        299,
        300,
        306,
        307,
        309,
        312,
        313,
        316,
        319,
        326,
        340,
        342,
        346,
        349,
        352,
        357,
        362,
        366,
        384,
        387,
        389,
        399,
        401,
        405,
        410,
        411,
        416,
        419,
        422,
        430,
        436,
        444,
        456,
        458,
        464,
        466,
        472,
        479,
        482,
        488,
        495,
        506,
        508,
        509,
        517,
        520,
        523,
        526,
        528,
        533,
        537,
        545,
        546,
        548,
        552,
        557,
        566,
        572,
        580,
        585,
        593,
        594,
        601,
        610,
        611,
        612,
        613,
        615,
        617,
        621,
        630,
        635,
        638,
        640,
        646,
        647,
        648,
        651,
        654,
        659,
        663,
        665,
        682,
        683,
        704,
        721,
        724,
        725,
        726,
        728,
        729,
        730,
        734,
        745,
        747,
        752,
        757,
        761,
        764,
        774,
        776,
        779,
        781,
        784,
        793,
        806,
        809,
        811,
        814,
        816,
        823,
        827,
        832,
        834,
        836,
        837,
        839,
        843,
        844,
        852,
        858,
        864,
        889,
        890,
        899,
        903,
        913,
        916,
        917,
        924,
        933,
        935,
        944,
        946,
        948,
        954,
        956,
        958,
        970,
        984,
        986,
        990,
        991,
        993,
        996,
        1002,
        1003,
        1013,
        1014,
        1028,
        1031,
        1032,
        1038,
        1040,
        1042,
        1043,
        1045,
        1047,
        1050,
        1051,
        1053,
        1056,
        1057,
        1068,
        1070,
        1072,
        1079,
        1086,
        1087,
        1090,
        1100,
        1105,
        1110,
        1111,
        1113,
        1114,
        1118,
        1119,
        1123,
        1126,
        1128,
        1133,
        1136,
        1138,
        1139,
        1140,
        1143,
        1145,
        1152,
        1155,
        1158,
        1159,
        1166,
        1167,
        1168,
        1169,
        1178,
        1179,
        1187,
        1191,
        1192,
        1200,
        1204,
        1205,
        1206,
        1225,
        1230,
        1243,
        1250,
        1257,
        1260,
        1267,
        1269,
        1270,
        1271,
        1275,
        1288,
        1293,
        1295,
        1309,
        1310,
        1315,
        1316,
        1317,
        1330,
        1333,
        1336,
        1337,
        1340,
        1341,
        1355,
        1358,
        1363,
        1364,
        1367,
        1371,
        1387,
        1390,
        1403,
        1404,
        1407,
        1410,
        1419,
        1429,
        1441,
        1444,
        1448,
        1457,
        1460,
        1461,
        1463,
        1470,
        1473,
        1475,
        1477,
        1479,
        1481,
        1487,
        1489,
        1491,
        1496,
        1511,
        1513,
        1514,
        1515,
        1516,
        1517,
        1520,
        1521,
        1523,
        1526,
        1527,
        1530,
        1536,
        1542,
        1549,
        1550,
        1552,
        1567,
        1569,
        1570,
        1576,
        1578,
        1588,
        1589,
        1591,
        1593,
        1597,
        1607,
        1613,
        1614,
        1616,
        1617,
        1620,
        1631,
        1636,
        1646,
        1647,
        1648,
        1650,
        1651,
        1654,
        1673,
        1674,
        1675,
        1684,
        1686,
        1692,
        1700,
        1706,
        1715,
        1724,
        1734,
        1738,
        1740,
        1751,
        1752,
        1758,
        1762,
        1769,
        1770,
        1772,
        1776,
        1777,
        1785,
        1790,
        1791,
        1796,
        1797,
        1803,
        1814,
        1820,
        1821,
        1825,
        1832,
        1843,
        1847,
        1849,
        1857,
        1859,
        1869,
        1871,
        1878,
        1879,
        1885,
        1887,
        1893,
        1903,
        1911,
        1913,
        1914,
        1922,
        1924,
        1925,
        1928,
        1929,
        1930,
        1931,
        1934,
        1943,
        1944,
        1953,
        1956,
        1960,
        1963,
        1967,
        1971,
        1973,
        1978
    ],
    "35": [
        709,
        787,
        874,
        1207,
        1357,
        1465,
        1607,
        1687
    ],
    "36": [
        61,
        238,
        289,
        474,
        567,
        624,
        766,
        1097,
        1141,
        1306
    ],
    "37": [
        142,
        401,
        417,
        470,
        544,
        561,
        814,
        853,
        927,
        961,
        1088,
        1227,
        1304,
        1499,
        1522,
        1890
    ],
    "38": [
        139,
        222,
        673,
        727,
        1407
    ],
    "39": [
        32,
        46,
        48,
        49,
        52,
        68,
        69,
        74,
        77,
        80,
        82,
        83,
        102,
        126,
        152,
        153,
        157,
        159,
        162,
        168,
        171,
        173,
        176,
        184,
        186,
        188,
        190,
        194,
        201,
        218,
        220,
        259,
        264,
        269,
        282,
        285,
        290,
        295,
        300,
        302,
        304,
        314,
        351,
        354,
        356,
        358,
        363,
        365,
        369,
        386,
        398,
        404,
        411,
        439,
        473,
        499,
        503,
        513,
        514,
        516,
        524,
        532,
        540,
        550,
        568,
        571,
        574,
        576,
        580,
        600,
        606,
        628,
        629,
        662,
        666,
        671,
        675,
        688,
        697,
        698,
        709,
        712,
        749,
        751,
        759,
        762,
        768,
        794,
        838,
        842,
        861,
        883,
        893,
        900,
        907,
        908,
        922,
        936,
        974,
        1015,
        1017,
        1075,
        1089,
        1104,
        1108,
        1120,
        1127,
        1132,
        1134,
        1177,
        1194,
        1220,
        1224,
        1245,
        1261,
        1272,
        1287,
        1294,
        1321,
        1324,
        1325,
        1327,
        1345,
        1366,
        1369,
        1373,
        1392,
        1405,
        1408,
        1415,
        1417,
        1437,
        1438,
        1442,
        1443,
        1455,
        1469,
        1484,
        1493,
        1497,
        1510,
        1512,
        1525,
        1534,
        1544,
        1559,
        1630,
        1676,
        1694,
        1720,
        1725,
        1748,
        1822,
        1827,
        1829,
        1847,
        1856,
        1860,
        1865,
        1866,
        1868,
        1881,
        1884,
        1898,
        1917,
        1936,
        1947,
        1965
    ],
    "40": [
        337,
        676,
        679,
        1166,
        1661,
        1705
    ],
    "41": [
        525,
        643,
        687,
        804,
        1296,
        1571,
        1692
    ],
    "42": [
        12,
        43,
        80,
        81,
        132,
        324,
        328,
        359,
        395,
        588,
        689,
        846,
        902,
        919,
        955,
        959,
        972,
        1001,
        1034,
        1122,
        1172,
        1176,
        1311,
        1418,
        1494,
        1508,
        1706,
        1735,
        1806,
        1877,
        1936,
        1965
    ],
    "43": [
        37,
        98,
        144,
        151,
        154,
        158,
        318,
        345,
        358,
        398,
        404,
        410,
        424,
        538,
        591,
        744,
        899,
        1010,
        1068,
        1179,
        1398,
        1485,
        1505,
        1506,
        1541,
        1584,
        1609,
        1677,
        1755,
        1912,
        1956
    ],
    "44": [
        113,
        260,
        437,
        655,
        677,
        945,
        1130,
        1527,
        1724
    ],
    "45": [
        421
    ],
    "46": [
        3,
        8,
        9,
        13,
        16,
        30,
        38,
        51,
        54,
        60,
        66,
        71,
        76,
        84,
        88,
        91,
        93,
        96,
        99,
        114,
        118,
        119,
        120,
        133,
        140,
        164,
        167,
        178,
        191,
        195,
        206,
        207,
        208,
        212,
        224,
        228,
        232,
        237,
        241,
        251,
        257,
        268,
        278,
        279,
        298,
        321,
        323,
        339,
        341,
        343,
        355,
        373,
        374,
        380,
        388,
        392,
        394,
        397,
        408,
        423,
        425,
        429,
        434,
        441,
        446,
        447,
        465,
        469,
        470,
        475,
        476,
        481,
        485,
        486,
        490,
        492,
        498,
        501,
        502,
        527,
        529,
        531,
        534,
        535,
        542,
        544,
        561,
        563,
        569,
        575,
        581,
        586,
        590,
        595,
        598,
        614,
        618,
        626,
        638,
        644,
        660,
        663,
        664,
        670,
        674,
        690,
        692,
        703,
        708,
        718,
        723,
        733,
        740,
        745,
        748,
        754,
        755,
        774,
        783,
        786,
        788,
        795,
        796,
        797,
        802,
        807,
        818,
        821,
        834,
        841,
        847,
        859,
        866,
        868,
        869,
        871,
        874,
        884,
        887,
        896,
        905,
        912,
        915,
        920,
        929,
        930,
        934,
        940,
        947,
        951,
        963,
        966,
        970,
        971,
        973,
        982,
        987,
        1004,
        1020,
        1027,
        1032,
        1033,
        1037,
        1048,
        1053,
        1069,
        1071,
        1078,
        1084,
        1090,
        1093,
        1101,
        1106,
        1131,
        1150,
        1153,
        1160,
        1162,
        1165,
        1170,
        1171,
        1173,
        1184,
        1185,
        1196,
        1197,
        1199,
        1202,
        1209,
        1238,
        1242,
        1246,
        1251,
        1254,
        1278,
        1282,
        1292,
        1300,
        1301,
        1303,
        1304,
        1313,
        1317,
        1319,
        1348,
        1351,
        1353,
        1356,
        1357,
        1364,
        1367,
        1370,
        1372,
        1380,
        1385,
        1387,
        1388,
        1397,
        1399,
        1400,
        1411,
        1412,
        1413,
        1430,
        1454,
        1479,
        1517,
        1518,
        1522,
        1524,
        1539,
        1551,
        1554,
        1560,
        1565,
        1570,
        1572,
        1574,
        1580,
        1584,
        1585,
        1589,
        1590,
        1593,
        1594,
        1596,
        1597,
        1601,
        1603,
        1605,
        1606,
        1612,
        1615,
        1620,
        1625,
        1626,
        1629,
        1638,
        1640,
        1642,
        1656,
        1657,
        1667,
        1668,
        1671,
        1672,
        1683,
        1691,
        1703,
        1704,
        1723,
        1729,
        1731,
        1732,
        1747,
        1755,
        1757,
        1758,
        1759,
        1763,
        1771,
        1788,
        1794,
        1795,
        1796,
        1804,
        1814,
        1842,
        1850,
        1851,
        1874,
        1886,
        1890,
        1896,
        1897,
        1906,
        1909,
        1920,
        1933,
        1937,
        1938,
        1944,
        1945,
        1948,
        1950,
        1952,
        1962,
        1977
    ],
    "47": [
        156,
        195,
        243,
        423,
        736,
        875,
        901,
        937,
        962,
        1008,
        1014,
        1133,
        1159,
        1195,
        1198,
        1285,
        1330,
        1462,
        1667,
        1717,
        1808,
        1856
    ],
    "48": [
        882
    ],
    "49": [
        430,
        662,
        1140,
        1278,
        1409,
        1499,
        1525,
        1632,
        1644,
        1676,
        1846,
        1875
    ],
    "50": [
        63,
        636,
        825,
        873,
        979
    ],
    "51": [
        430,
        662,
        1140,
        1278,
        1409,
        1499,
        1525,
        1632,
        1644,
        1676,
        1846,
        1875
    ],
    "52": [
        1241,
        1955
    ],
    "53": [
        636,
        1564
    ],
    "54": [
        1571
    ],
    "55": [
        28,
        262,
        478,
        565,
        805,
        909,
        943,
        1216,
        1245,
        1435,
        1817
    ],
    "56": [
        1005
    ],
    "57": [
        1446
    ],
    "58": [
        2,
        41,
        56,
        125,
        138,
        146,
        171,
        179,
        189,
        192,
        226,
        253,
        254,
        259,
        267,
        274,
        312,
        313,
        344,
        370,
        471,
        496,
        509,
        530,
        547,
        570,
        585,
        653,
        688,
        693,
        705,
        739,
        811,
        830,
        839,
        842,
        854,
        883,
        894,
        958,
        1009,
        1023,
        1036,
        1052,
        1086,
        1121,
        1127,
        1138,
        1189,
        1225,
        1226,
        1234,
        1247,
        1268,
        1362,
        1394,
        1410,
        1414,
        1445,
        1451,
        1455,
        1481,
        1500,
        1542,
        1545,
        1558,
        1575,
        1617,
        1621,
        1648,
        1653,
        1664,
        1682,
        1685,
        1693,
        1695,
        1696,
        1702,
        1708,
        1719,
        1726,
        1728,
        1737,
        1760,
        1789,
        1798,
        1819,
        1882,
        1885,
        1894,
        1902,
        1908,
        1918,
        1939,
        1940,
        1951,
        1979
    ],
    "59": [
        23,
        57,
        59,
        63,
        64,
        81,
        83,
        86,
        88,
        91,
        94,
        101,
        102,
        109,
        122,
        127,
        133,
        135,
        155,
        156,
        166,
        174,
        203,
        223,
        224,
        225,
        231,
        242,
        245,
        266,
        268,
        283,
        291,
        309,
        311,
        321,
        329,
        331,
        334,
        343,
        347,
        354,
        355,
        372,
        376,
        385,
        399,
        415,
        434,
        453,
        458,
        460,
        468,
        472,
        488,
        489,
        504,
        543,
        550,
        551,
        553,
        559,
        577,
        586,
        587,
        617,
        618,
        623,
        628,
        646,
        661,
        672,
        679,
        695,
        698,
        699,
        707,
        710,
        720,
        721,
        757,
        775,
        778,
        784,
        785,
        789,
        798,
        815,
        823,
        829,
        850,
        862,
        863,
        881,
        887,
        905,
        923,
        926,
        931,
        944,
        956,
        957,
        980,
        985,
        991,
        997,
        1013,
        1024,
        1029,
        1030,
        1046,
        1059,
        1071,
        1076,
        1131,
        1160,
        1186,
        1191,
        1203,
        1205,
        1246,
        1250,
        1258,
        1269,
        1274,
        1286,
        1287,
        1290,
        1308,
        1314,
        1331,
        1332,
        1333,
        1336,
        1340,
        1363,
        1372,
        1376,
        1378,
        1397,
        1406,
        1418,
        1424,
        1433,
        1448,
        1463,
        1491,
        1502,
        1533,
        1548,
        1567,
        1569,
        1572,
        1579,
        1585,
        1605,
        1610,
        1628,
        1646,
        1647,
        1651,
        1657,
        1670,
        1684,
        1695,
        1701,
        1710,
        1743,
        1763,
        1779,
        1781,
        1794,
        1811,
        1821,
        1848,
        1860,
        1864,
        1865,
        1867,
        1906,
        1916,
        1958,
        1960,
        1962,
        1966,
        1971
    ],
    "60": [
        882
    ],
    "61": [
        87,
        233,
        351,
        477,
        500,
        608,
        898,
        908,
        939,
        960,
        965,
        1025,
        1077,
        1215,
        1241,
        1255,
        1360,
        1564,
        1976
    ],
    "62": [
        1,
        4,
        11,
        19,
        24,
        37,
        40,
        52,
        72,
        97,
        111,
        112,
        128,
        129,
        147,
        148,
        149,
        150,
        154,
        158,
        161,
        162,
        169,
        178,
        185,
        191,
        198,
        204,
        244,
        247,
        257,
        265,
        267,
        269,
        271,
        276,
        278,
        285,
        290,
        293,
        295,
        297,
        304,
        308,
        314,
        332,
        336,
        338,
        345,
        352,
        356,
        400,
        402,
        405,
        407,
        409,
        412,
        413,
        416,
        419,
        420,
        427,
        438,
        450,
        451,
        452,
        457,
        480,
        483,
        493,
        506,
        507,
        519,
        523,
        532,
        536,
        537,
        541,
        552,
        569,
        571,
        572,
        573,
        574,
        582,
        589,
        596,
        599,
        603,
        611,
        632,
        633,
        637,
        640,
        647,
        655,
        657,
        671,
        680,
        684,
        685,
        686,
        691,
        700,
        706,
        722,
        741,
        743,
        751,
        756,
        762,
        763,
        765,
        768,
        772,
        773,
        779,
        781,
        792,
        794,
        812,
        813,
        816,
        822,
        824,
        832,
        836,
        838,
        856,
        861,
        880,
        882,
        910,
        911,
        914,
        938,
        941,
        961,
        967,
        975,
        976,
        978,
        981,
        984,
        998,
        1012,
        1021,
        1038,
        1044,
        1064,
        1067,
        1081,
        1096,
        1099,
        1108,
        1112,
        1115,
        1119,
        1128,
        1134,
        1137,
        1152,
        1163,
        1164,
        1175,
        1177,
        1211,
        1212,
        1218,
        1220,
        1229,
        1239,
        1252,
        1259,
        1262,
        1266,
        1275,
        1299,
        1307,
        1312,
        1320,
        1321,
        1326,
        1345,
        1346,
        1350,
        1352,
        1366,
        1373,
        1381,
        1384,
        1392,
        1403,
        1408,
        1416,
        1420,
        1421,
        1422,
        1427,
        1437,
        1449,
        1458,
        1468,
        1476,
        1485,
        1493,
        1495,
        1498,
        1503,
        1509,
        1510,
        1512,
        1531,
        1541,
        1543,
        1555,
        1556,
        1583,
        1587,
        1602,
        1611,
        1625,
        1679,
        1689,
        1694,
        1697,
        1709,
        1712,
        1714,
        1728,
        1734,
        1744,
        1745,
        1748,
        1754,
        1756,
        1766,
        1768,
        1774,
        1784,
        1801,
        1803,
        1815,
        1826,
        1829,
        1834,
        1838,
        1841,
        1844,
        1855,
        1859,
        1861,
        1863,
        1870,
        1884,
        1900,
        1901,
        1904,
        1910,
        1917,
        1919,
        1921,
        1923,
        1932,
        1942,
        1963,
        1975
    ],
    "63": [
        29,
        44,
        124,
        139,
        246,
        263,
        280,
        422,
        587,
        661,
        696,
        780,
        845,
        885,
        904,
        1022,
        1098,
        1109,
        1148,
        1273,
        1490,
        1557,
        1641,
        1680,
        1711,
        1721,
        1750,
        1799,
        1813,
        1822,
        1835,
        1889
    ],
    "64": [
        1528
    ],
    "65": [
        23,
        57,
        59,
        63,
        64,
        81,
        83,
        86,
        88,
        91,
        94,
        101,
        102,
        109,
        122,
        127,
        133,
        135,
        156,
        166,
        174,
        223,
        224,
        225,
        231,
        242,
        245,
        266,
        268,
        283,
        291,
        309,
        311,
        321,
        329,
        331,
        334,
        343,
        347,
        354,
        355,
        376,
        385,
        399,
        415,
        434,
        453,
        458,
        460,
        468,
        472,
        488,
        489,
        504,
        543,
        550,
        551,
        553,
        559,
        577,
        586,
        587,
        617,
        618,
        623,
        628,
        646,
        661,
        672,
        679,
        698,
        699,
        707,
        710,
        720,
        721,
        757,
        775,
        778,
        784,
        785,
        789,
        798,
        815,
        823,
        850,
        862,
        863,
        881,
        887,
        905,
        923,
        926,
        931,
        944,
        956,
        957,
        980,
        985,
        991,
        1013,
        1024,
        1029,
        1030,
        1046,
        1059,
        1071,
        1076,
        1131,
        1160,
        1186,
        1191,
        1203,
        1205,
        1246,
        1250,
        1258,
        1269,
        1274,
        1286,
        1287,
        1290,
        1308,
        1314,
        1331,
        1332,
        1333,
        1336,
        1340,
        1363,
        1372,
        1376,
        1378,
        1397,
        1406,
        1418,
        1424,
        1433,
        1448,
        1463,
        1491,
        1502,
        1533,
        1548,
        1567,
        1569,
        1572,
        1579,
        1585,
        1605,
        1610,
        1628,
        1646,
        1647,
        1651,
        1657,
        1670,
        1684,
        1695,
        1701,
        1710,
        1743,
        1763,
        1779,
        1781,
        1794,
        1811,
        1821,
        1848,
        1860,
        1864,
        1865,
        1867,
        1906,
        1916,
        1958,
        1960,
        1962,
        1966,
        1971
    ],
    "66": [
        1634,
        1845
    ],
    "67": [
        0,
        28,
        100,
        104,
        131,
        215,
        231,
        319,
        348,
        450,
        602,
        620,
        658,
        864,
        903,
        1029,
        1045,
        1095,
        1192,
        1200,
        1228,
        1335,
        1348,
        1349,
        1359,
        1433,
        1451,
        1514,
        1595,
        1610,
        1652,
        1707,
        1837,
        1915,
        1929
    ],
    "68": [
        1,
        50,
        95,
        99,
        110,
        141,
        153,
        219,
        234,
        323,
        372,
        431,
        440,
        445,
        467,
        609,
        710,
        713,
        716,
        724,
        750,
        782,
        829,
        851,
        976,
        993,
        1082,
        1091,
        1147,
        1201,
        1231,
        1281,
        1283,
        1294,
        1416,
        1430,
        1474,
        1549,
        1566,
        1690,
        1923,
        1926
    ],
    "69": [
        2,
        5,
        7,
        8,
        11,
        14,
        15,
        16,
        17,
        22,
        26,
        27,
        35,
        36,
        44,
        51,
        70,
        76,
        85,
        89,
        98,
        100,
        103,
        118,
        122,
        143,
        145,
        147,
        163,
        165,
        167,
        170,
        175,
        177,
        189,
        198,
        199,
        200,
        204,
        205,
        209,
        210,
        212,
        213,
        219,
        230,
        232,
        233,
        239,
        241,
        249,
        250,
        251,
        261,
        266,
        270,
        284,
        298,
        305,
        325,
        331,
        357,
        367,
        371,
        382,
        383,
        384,
        392,
        394,
        406,
        417,
        418,
        421,
        424,
        426,
        428,
        431,
        435,
        436,
        438,
        440,
        441,
        442,
        444,
        445,
        448,
        449,
        454,
        455,
        456,
        457,
        459,
        464,
        469,
        475,
        476,
        479,
        485,
        489,
        490,
        491,
        497,
        501,
        502,
        505,
        512,
        515,
        518,
        527,
        535,
        541,
        542,
        543,
        545,
        554,
        562,
        581,
        595,
        605,
        608,
        609,
        614,
        619,
        626,
        641,
        643,
        649,
        650,
        656,
        664,
        667,
        669,
        670,
        687,
        700,
        701,
        702,
        703,
        708,
        712,
        715,
        716,
        718,
        720,
        731,
        733,
        737,
        740,
        743,
        760,
        761,
        764,
        769,
        783,
        785,
        791,
        792,
        795,
        800,
        802,
        804,
        808,
        815,
        818,
        819,
        820,
        825,
        826,
        831,
        833,
        835,
        837,
        840,
        841,
        843,
        846,
        847,
        848,
        849,
        850,
        851,
        853,
        854,
        857,
        863,
        865,
        867,
        868,
        870,
        872,
        873,
        876,
        877,
        878,
        880,
        881,
        891,
        892,
        895,
        906,
        907,
        910,
        913,
        915,
        918,
        920,
        925,
        927,
        928,
        929,
        930,
        933,
        934,
        935,
        938,
        941,
        947,
        949,
        951,
        957,
        960,
        964,
        965,
        966,
        977,
        979,
        980,
        983,
        987,
        992,
        1000,
        1004,
        1006,
        1008,
        1010,
        1016,
        1019,
        1020,
        1026,
        1028,
        1033,
        1036,
        1039,
        1041,
        1044,
        1048,
        1049,
        1054,
        1055,
        1057,
        1058,
        1059,
        1061,
        1063,
        1065,
        1069,
        1074,
        1080,
        1082,
        1083,
        1085,
        1093,
        1094,
        1095,
        1096,
        1100,
        1101,
        1103,
        1106,
        1107,
        1114,
        1117,
        1122,
        1132,
        1137,
        1142,
        1144,
        1148,
        1149,
        1151,
        1153,
        1156,
        1157,
        1165,
        1171,
        1173,
        1181,
        1182,
        1183,
        1184,
        1185,
        1186,
        1189,
        1190,
        1196,
        1198,
        1203,
        1207,
        1208,
        1210,
        1213,
        1214,
        1215,
        1217,
        1218,
        1221,
        1222,
        1223,
        1227,
        1228,
        1229,
        1230,
        1233,
        1234,
        1235,
        1237,
        1238,
        1240,
        1242,
        1243,
        1244,
        1247,
        1249,
        1251,
        1256,
        1257,
        1260,
        1265,
        1266,
        1273,
        1276,
        1277,
        1279,
        1280,
        1281,
        1283,
        1284,
        1288,
        1289,
        1290,
        1292,
        1293,
        1296,
        1298,
        1301,
        1303,
        1305,
        1308,
        1313,
        1318,
        1319,
        1320,
        1322,
        1329,
        1331,
        1334,
        1339,
        1342,
        1344,
        1351,
        1354,
        1356,
        1360,
        1361,
        1365,
        1374,
        1375,
        1377,
        1379,
        1380,
        1386,
        1388,
        1389,
        1391,
        1393,
        1396,
        1411,
        1413,
        1423,
        1424,
        1426,
        1428,
        1431,
        1438,
        1444,
        1446,
        1450,
        1456,
        1461,
        1462,
        1467,
        1482,
        1486,
        1488,
        1500,
        1502,
        1506,
        1507,
        1508,
        1509,
        1511,
        1513,
        1523,
        1524,
        1529,
        1532,
        1537,
        1540,
        1543,
        1547,
        1561,
        1562,
        1563,
        1566,
        1573,
        1577,
        1579,
        1581,
        1582,
        1586,
        1587,
        1590,
        1594,
        1596,
        1598,
        1599,
        1603,
        1604,
        1606,
        1608,
        1612,
        1618,
        1624,
        1627,
        1631,
        1632,
        1634,
        1639,
        1640,
        1643,
        1649,
        1656,
        1658,
        1660,
        1665,
        1677,
        1678,
        1683,
        1693,
        1696,
        1702,
        1704,
        1713,
        1722,
        1726,
        1730,
        1731,
        1732,
        1735,
        1736,
        1739,
        1741,
        1752,
        1753,
        1759,
        1761,
        1764,
        1767,
        1778,
        1783,
        1784,
        1787,
        1788,
        1790,
        1792,
        1793,
        1795,
        1799,
        1804,
        1805,
        1809,
        1811,
        1816,
        1818,
        1820,
        1825,
        1830,
        1831,
        1832,
        1839,
        1841,
        1848,
        1853,
        1857,
        1858,
        1863,
        1867,
        1874,
        1880,
        1891,
        1899,
        1901,
        1905,
        1920,
        1927,
        1931,
        1935,
        1941,
        1942,
        1945,
        1946,
        1951,
        1957,
        1958,
        1959,
        1966,
        1968,
        1969,
        1970,
        1974,
        1979
    ],
    "70": [
        9,
        12,
        24,
        36,
        39,
        82,
        105,
        134,
        143,
        202,
        207,
        214,
        216,
        230,
        237,
        240,
        281,
        284,
        292,
        296,
        310,
        320,
        332,
        336,
        346,
        349,
        360,
        371,
        407,
        439,
        442,
        483,
        494,
        499,
        511,
        533,
        556,
        596,
        601,
        619,
        627,
        660,
        686,
        689,
        691,
        694,
        702,
        719,
        729,
        731,
        734,
        742,
        756,
        760,
        782,
        797,
        812,
        826,
        857,
        859,
        860,
        943,
        949,
        995,
        1002,
        1011,
        1061,
        1065,
        1067,
        1088,
        1091,
        1126,
        1136,
        1139,
        1151,
        1158,
        1181,
        1187,
        1195,
        1202,
        1206,
        1209,
        1212,
        1236,
        1237,
        1239,
        1248,
        1271,
        1289,
        1300,
        1310,
        1323,
        1324,
        1328,
        1329,
        1347,
        1352,
        1361,
        1368,
        1381,
        1384,
        1395,
        1400,
        1419,
        1427,
        1432,
        1436,
        1458,
        1466,
        1470,
        1476,
        1483,
        1505,
        1520,
        1548,
        1565,
        1578,
        1583,
        1591,
        1600,
        1611,
        1622,
        1636,
        1642,
        1669,
        1674,
        1688,
        1716,
        1719,
        1727,
        1744,
        1749,
        1754,
        1764,
        1778,
        1782,
        1783,
        1786,
        1797,
        1800,
        1802,
        1816,
        1826,
        1830,
        1905,
        1953,
        1954,
        1959
    ],
    "71": [
        262,
        264,
        565,
        767,
        997,
        1018,
        1193,
        1425,
        1439,
        1626,
        1633,
        1718,
        1817,
        1932
    ],
    "72": [
        175,
        209,
        223,
        707,
        717,
        955,
        1007,
        1197,
        1613,
        1697,
        1766,
        1824
    ],
    "73": [
        334,
        946
    ],
    "74": [
        919
    ],
    "75": [
        18,
        33,
        155,
        597,
        793,
        869,
        942,
        1125,
        1219,
        1588,
        1592,
        1600,
        1786,
        1802,
        1928
    ]
}