term_id,term
0,sannio
1,vigevano
2,sulmona
3,fontanafredda
4,ravenna
5,lainat
6,passeier
7,codigoro
8,pizzo
9,agnello
10,ticino
11,mazzorbo
12,corrubbio
13,vito
14,filiorum
15,forlì
16,isonzo
17,casol
18,riva
19,gavi
20,conversano
21,pont
22,vello
23,vecchia
24,rottofreno
25,vallo
26,foiana
27,montepulciano
28,montemerano
29,marlengo
30,volterra
31,civitavecchia
32,cavaglià
33,altamura
34,lucania
35,cologn
36,olbia
37,chieti
38,palau
39,bacoli
40,albavilla
41,brenzon
42,castelfranco
43,agostino
44,enza
45,novara
46,aversa
47,calabro
48,trevinano
49,etnea
50,mandello
51,noto
52,udin
53,roero
54,trofarello
55,marmi
56,arco
57,monza
58,altomont
59,carpi
60,puglia
61,canal
62,strada
63,zafferana
64,eboli
65,pellio
66,angelo
67,strongoli
68,cavallino
69,della
70,campo
71,manfredonia
72,orvieto
73,baldichieri
74,fiumicino
75,gulfi
76,scorzè
77,portoscuso
78,baganza
79,santo
80,torgiano
81,macchi
82,agata
83,brentonico
84,armerina
85,pinerolo
86,bartolomeo
87,montrigiasco
88,polesin
89,fara
90,abruzzi
91,gsi
92,piero
93,panzano
94,ravall
95,arzachena
96,sull
97,ariccia
98,kien
99,quarto
100,rotonda
101,marostica
102,postal
103,bolognes
104,stabia
105,spilimbergo
106,tigliol
107,vicentino
108,pozzolo
109,treia
110,ferrara
111,termini
112,calabria
113,cort
114,licata
115,traversella
116,argon
117,equens
118,due
119,roccaraso
120,milano
121,pozzolengo
122,val
123,castiglion
124,panical
125,rognano
126,savelletri
127,induno
128,revigliasco
129,galliat
130,di
131,varzi
132,sernaglia
133,porto
134,montefiorino
135,patenora
136,nocera
137,vino
138,morimondo
139,venaria
140,gragnano
141,trequanda
142,marn
143,zeno
144,chietino
145,ongina
146,cell
147,superior
148,altino
149,lavagna
150,giarr
151,arezzo
152,treviso
153,golfo
154,christoph
155,passignano
156,ladispoli
157,cividal
158,triest
159,apricena
160,calamandrana
161,omobono
162,stresa
163,berardenga
164,verones
165,castagnito
166,rangon
167,céres
168,mira
169,cador
170,savio
171,parma
172,castelmezzano
173,caramanico
174,syracus
175,scarampi
176,pompei
177,domodossola
178,adriatico
179,paraggi
180,gallura
181,carpaneto
182,tavarnell
183,bibbiena
184,sirmion
185,capolago
186,giorgio
187,pagazzano
188,trapani
189,piceno
190,ponza
191,donato
192,pescara
193,coloreto
194,marzamemi
195,galliera
196,maria
197,mestr
198,castrocaro
199,terrasini
200,loreto
201,issengo
202,montoggio
203,bove
204,morrano
205,sanluri
206,forio
207,ghirlanda
208,selva
209,dolcedo
210,randazzo
211,blevio
212,marzocca
213,fabbrico
214,albiat
215,tirreni
216,borgomanero
217,norcia
218,lenna
219,ranco
220,cormon
221,modena
222,piobesi
223,beccaria
224,melizzano
225,pergin
226,gonon
227,vicomero
228,brixen
229,le
230,castellab
231,montù
232,salerno
233,giustino
234,pietrasanta
235,lomazzo
236,nal
237,salsomaggior
238,santa
239,serralunga
240,briaglia
241,albair
242,taggia
243,dovares
244,lubrens
245,fagagna
246,ardenza
247,torbol
248,brescia
249,labico
250,tarquinia
251,saiano
252,bracca
253,cremasca
254,torril
255,scala
256,messapica
257,sul
258,pitigliano
259,pontelongo
260,castelletto
261,vedol
262,trebaselegh
263,rivisondoli
264,dora
265,ravina
266,spirano
267,formigaro
268,polignano
269,annunziata
270,baveno
271,trento
272,asiago
273,montalcino
274,offida
275,cardano
276,pescocostanzo
277,noventa
278,bobbio
279,senago
280,matera
281,chieri
282,roletto
283,gambolò
284,cava
285,bagnolo
286,madruzzo
287,maratea
288,catanzaro
289,vares
290,casanova
291,mosciano
292,peg
293,stefano
294,andora
295,rizzuto
296,bardolino
297,fior
298,savogna
299,castagnol
300,lomnago
301,garda
302,orbassano
303,sellano
304,castelbuono
305,dovera
306,mutignano
307,spinetta
308,saronno
309,mauro
310,veneta
311,lucera
312,somma
313,sardo
314,valdieri
315,chianti
316,chiaramont
317,jonica
318,zelarino
319,troia
320,capo
321,dosson
322,latina
323,bergamo
324,peschici
325,capoterra
326,sienna
327,vintl
328,chiavari
329,caluso
330,baia
331,fondi
332,fossò
333,pralboino
334,burano
335,levizzano
336,carsoli
337,oggiono
338,agnon
339,foggia
340,sandrigo
341,valentia
342,castello
343,riola
344,lagunar
345,viceno
346,cassinetta
347,annon
348,noceto
349,lezzeno
350,afragola
351,nerviano
352,rever
353,tavernerio
354,venic
355,rend
356,tagliamento
357,cerignola
358,melfi
359,lonigo
360,bolzon
361,capannori
362,empoli
363,puccini
364,gandolfo
365,piombino
366,velo
367,grottammar
368,poggibonsi
369,cutigliano
370,morgex
371,schio
372,montescudaio
373,masio
374,pulsano
375,rocella
376,cicognolo
377,fossombron
378,siena
379,ampezzo
380,lavello
381,bagni
382,offanengo
383,castelnuovo
384,poggiridenti
385,natison
386,tortona
387,monasti
388,cartosio
389,molini
390,sassetta
391,felic
392,sarch
393,cherasco
394,vincenzo
395,quero
396,persiceto
397,cureggio
398,caiolo
399,mornago
400,caldogno
401,ionica
402,quartier
403,varigotti
404,olio
405,final
406,brusati
407,canazei
408,sarentino
409,forno
410,altar
411,spoleto
412,cortesi
413,teodoro
414,saint
415,torregrotta
416,gabicc
417,caltanissetta
418,minervino
419,sui
420,pedrac
421,vincent
422,algund
423,brunico
424,grezzana
425,sorni
426,giovanni
427,pollenzo
428,col
429,magliano
430,guaren
431,spoltor
432,nicola
433,desenzano
434,tivoli
435,poggio
436,jesolo
437,lusia
438,caprino
439,castelnovo
440,sulla
441,limito
442,chiusdino
443,galeata
444,balneario
445,levanto
446,arbus
447,liona
448,collebeato
449,lapio
450,piev
451,abano
452,brusson
453,anghiari
454,macerata
455,maurizio
456,chiusi
457,loro
458,furor
459,aci
460,cassiano
461,rivalta
462,alzano
463,sciacca
464,moena
465,arsizio
466,gualdo
467,monterosso
468,recco
469,montopoli
470,olivola
471,montà
472,romagna
473,santarcangelo
474,altissimo
475,vignola
476,piemont
477,verona
478,sesto
479,oderzo
480,monferrato
481,acreid
482,quistello
483,cortona
484,velino
485,valmalenco
486,esin
487,gardon
488,drena
489,mercenasco
490,sardinia
491,senal
492,vietri
493,vairano
494,delebio
495,corvara
496,glorenza
497,anacapri
498,gudon
499,roseto
500,sestri
501,cavaion
502,cervo
503,treiso
504,pisciotta
505,valsassina
506,portofino
507,pescaia
508,tricesimo
509,lo
510,origgio
511,genoa
512,rivanazzano
513,nibbiaia
514,ascoli
515,ancona
516,rimini
517,pisa
518,valmonton
519,lucarelli
520,valledoria
521,versiggia
522,pancrazio
523,serravall
524,genesio
525,vicopisano
526,seregno
527,ventimiglia
528,villa
529,bigolino
530,calestano
531,viagrand
532,olgiat
533,grumello
534,borgio
535,torrechiara
536,milazzo
537,barbian
538,rastignano
539,malnat
540,la
541,civitella
542,canelli
543,montegridolfo
544,cerretto
545,modenes
546,marano
547,grappa
548,est
549,loano
550,castellina
551,mergozzo
552,ne
553,civitanova
554,capriata
555,lipari
556,paderno
557,mella
558,campobasso
559,riviera
560,negrar
561,perignano
562,belluno
563,fiesol
564,arabba
565,bra
566,suzzara
567,senorbì
568,conca
569,oglio
570,barco
571,langh
572,sarr
573,tregnago
574,torriana
575,recorfano
576,gaion
577,ruda
578,terracina
579,moriano
580,soiano
581,montallegro
582,argelato
583,malvezzi
584,mondovì
585,aosta
586,casal
587,marina
588,stradella
589,del
590,marotta
591,monton
592,ferrier
593,cavi
594,parmens
595,lavariano
596,trebbia
597,colli
598,buttrio
599,castelbello
600,pennabilli
601,naviglio
602,alta
603,pordenon
604,toblach
605,ischia
606,giulianova
607,malfa
608,vigano
609,orba
610,vibo
611,capolona
612,terricciola
613,montecalvo
614,lampedusa
615,finalborgo
616,laveno
617,ercol
618,quirino
619,barletta
620,ruvo
621,teglio
622,nola
623,crevalcor
624,arzignano
625,terni
626,squill
627,vercelli
628,azzurro
629,pudiano
630,fort
631,gimignano
632,palazzo
633,alba
634,sant
635,richinvelda
636,lecco
637,paradiso
638,raveo
639,lago
640,magli
641,taormina
642,lesina
643,marciana
644,ai
645,pietra
646,bolzano
647,robbiat
648,mortegliano
649,sorrento
650,trani
651,oviglio
652,cercemaggior
653,revin
654,gaeta
655,versa
656,villar
657,castel
658,bibbona
659,torano
660,verezzi
661,mercato
662,borgonato
663,brusaporto
664,aldino
665,abat
666,rivoli
667,mese
668,termeno
669,caserta
670,solto
671,pizzighetton
672,marebb
673,moniga
674,vulcano
675,acqualagna
676,atrani
677,giuliano
678,manciano
679,l
680,assisi
681,pietro
682,soprabolzano
683,cegli
684,casciano
685,collio
686,ciuffenna
687,monfumo
688,toceno
689,oliveto
690,cornaredo
691,montemarciano
692,piav
693,asolo
694,casteggio
695,turin
696,ortisei
697,casalgrand
698,vicenza
699,desiderio
700,valpolicella
701,rablà
702,busto
703,michel
704,barcuzzi
705,castelbianco
706,stromboli
707,torbiato
708,bolgheri
709,lesa
710,terranova
711,montorio
712,montemagno
713,faenza
714,soragna
715,remo
716,barbarano
717,viest
718,manduria
719,amalfi
720,atesino
721,reggio
722,moirago
723,piazza
724,mont
725,merano
726,vittorio
727,giulio
728,racal
729,croton
730,orta
731,borgoricco
732,massa
733,piacentino
734,torr
735,montichiari
736,montecarlo
737,bassano
738,pinzolo
739,tronto
740,dell
741,viareggio
742,donà
743,bevagna
744,torno
745,scorrano
746,bologna
747,gattinara
748,termoli
749,cervia
750,cerreto
751,ravello
752,florenc
753,senigallia
754,concesio
755,galluzzo
756,salgareda
757,savigno
758,pigna
759,bellinzago
760,bettoll
761,fasano
762,torrita
763,pesaro
764,formello
765,erbusco
766,alberobello
767,contigliano
768,adrara
769,lucca
770,corciano
771,prato
772,arborea
773,ruffano
774,recanati
775,cerver
776,pellegrino
777,pianiga
778,tidon
779,commezzadura
780,monteu
781,frisanco
782,varallo
783,carrara
784,ragusa
785,alessandria
786,dei
787,baganzola
788,cavazzo
789,monteriggioni
790,malo
791,montebenichi
792,piacenza
793,mariano
794,brusciano
795,bianzon
796,rivarolo
797,levico
798,montemonaco
799,canton
800,quirico
801,bari
802,podenzano
803,camaior
804,belbo
805,miniato
806,cavour
807,aquila
808,milanes
809,rapolano
810,cogn
811,pallanza
812,aspromont
813,candia
814,misano
815,gioiosa
816,asti
817,monterotondo
818,vetrego
819,pocenia
820,pistoies
821,term
822,fermo
823,mortara
824,runat
825,cristina
826,nova
827,umbertid
828,ugento
829,manoppello
830,monopoli
831,chioggia
832,borgo
833,albignasego
834,ostuni
835,romano
836,moncalieri
837,petri
838,dolegna
839,adria
840,capriat
841,mantua
842,robbio
843,almè
844,laigueglia
845,malcesin
846,ambiver
847,busca
848,biella
849,padengh
850,cattaneo
851,lido
852,sclafani
853,brindisi
854,emilia
855,putignano
856,cremona
857,appiano
858,benedetto
859,acri
860,lancenigo
861,montoro
862,calvisano
863,nettuno
864,fondo
865,brion
866,battaglia
867,gervasio
868,cluson
869,lorenzen
870,crispiano
871,carlofort
872,legnano
873,tisen
874,monticelli
875,priocca
876,sappada
877,maggior
878,manfredi
879,andria
880,limon
881,marzano
882,verbania
883,vernant
884,pollino
885,levant
886,coll
887,voghera
888,riomaggior
889,guidi
890,alassio
891,lallio
892,peschiera
893,bagno
894,pontassiev
895,paolo
896,besenzon
897,cagliari
898,marconi
899,castrozza
900,deruta
901,palm
902,sotto
903,cecina
904,dulzago
905,taranto
906,madonna
907,golfi
908,greve
909,rubano
910,pesa
911,montepagano
912,lama
913,morra
914,castellammar
915,gaibana
916,reparata
917,noci
918,trasimeno
919,cassino
920,moretta
921,oliena
922,follonica
923,pacentro
924,bordighera
925,marittima
926,bagnara
927,tropea
928,campiglio
929,vinci
930,cavernago
931,leon
932,antonio
933,primiero
934,vittoria
935,pozzuoli
936,valmadrera
937,cortina
938,trescor
939,badalucco
940,padovana
941,padua
942,gussago
943,framura
944,martino
945,fano
946,piadena
947,cetara
948,puo
949,toblino
950,godia
951,borromeo
952,ospedaletto
953,feltr
954,mirano
955,monsummano
956,praiano
957,piano
958,lacco
959,imola
960,morciano
961,vodo
962,tirol
963,lombardo
964,marlia
965,palazzolo
966,rodengo
967,novafeltria
968,mule
969,cuorgnè
970,veneto
971,chi
972,frascati
973,alfieri
974,orcia
975,acuto
976,como
977,manerba
978,sizzano
979,sauri
980,portonovo
981,pastrengo
982,de
983,rho
984,pontinia
985,dogliani
986,intelvi
987,cuneo
988,ezzelino
989,augusta
990,montefalco
991,capodacqua
992,guardiagrel
993,coriano
994,pozza
995,palermo
996,portomaggior
997,spezia
998,teresa
999,otranto
1000,numana
1001,breuil
1002,orbetello
1003,grosseto
1004,cernobbio
1005,bonifacio
1006,saludecio
1007,fiera
1008,lugagnano
1009,villandro
1010,rubiera
1011,cala
1012,moggiona
1013,anna
1014,ariano
1015,settequerc
1016,rovato
1017,catania
1018,sangro
1019,gaiol
1020,al
1021,montemarcello
1022,sondrio
1023,cioccaro
1024,montecchio
1025,illasi
1026,agordo
1027,sorico
1028,bientina
1029,lecc
1030,olevano
1031,costermano
1032,maderno
1033,cusago
1034,comens
1035,archi
1036,seggiano
1037,pomezia
1038,cavales
1039,mare
1040,asola
1041,chiesa
1042,alpinolo
1043,lamezia
1044,semproniano
1045,pfalzen
1046,cerm
1047,campagnola
1048,pantelleria
1049,città
1050,imperia
1051,caravaggio
1052,todi
1053,giacomo
1054,venosa
1055,noli
1056,martin
1057,lignano
1058,carovigno
1059,roncad
1060,albenga
1061,urbino
1062,carnello
1063,madesimo
1064,bagheria
1065,arno
1066,calabra
1067,messina
1068,sirolo
1069,chiavenna
1070,borgonovo
1071,rivodutri
1072,agrigento
1073,teles
1074,sopra
1075,barat
1076,bodio
1077,sutri
1078,lario
1079,alserio
1080,fosdinovo
1081,isera
1082,longiano
1083,carnico
1084,marini
1085,cannara
1086,palaia
1087,oltressenda
1088,savona
1089,lerici
1090,maranello
1091,baschi
1092,vallesaccarda
1093,irpino
1094,montaldo
1095,avezzano
1096,aprilia
1097,canaves
1098,cavator
1099,polo
1100,brennero
1101,moltrasio
1102,sabbiadoro
1103,vesuviana
1104,cag
1105,monfort
1106,arcugnano
1107,caltignaga
1108,monselic
1109,varenna
1110,rivergaro
1111,cremolino
1112,sarturano
1113,bellagio
1114,napl
1115,fornac
1116,san
1117,romeno
1118,friuli
1119,grazi
1120,tavagnacco
1121,vico
1122,mantello
1123,barzago
1124,vomano
1125,crema
1126,marengo
1127,giusepp
1128,diolo
1129,montagna
1130,pineto
1131,iseo
1132,march
1133,puegnago
1134,ponent
1135,oneglia
1136,cesenatico
1137,osio
1138,suvereto
1139,courmayeur
1140,rome
1141,suna
1142,isola
1143,ligur
1144,scalo
1145,vasto
1146,carrù
1147,teramo
1148,nuovo
1149,positano
1150,alpago
1151,lughetto
1152,trecchina
1153,ameno
1154,quarona
1155,modica
1156,barbaresco
1157,popoli
1158,mocogno
1159,castelvetro
1160,arma
1161,anterivo
1162,paestum
1163,genazzano
1164,pollon
1165,grottaferrata
1166,zoldo
1167,gentil
1168,severo
1169,varena
1170,cento
1171,cetona
1172,linguaglossa
1173,ravarino
1174,oppeano
1175,fiorano
1176,maiori
1177,borghetto
1178,murg
1179,severino
1180,pettenasco
1181,sala
1182,sassari
1183,brufa
1184,gargnano
1185,aprica
1186,crandola
1187,albarè
1188,gardena
1189,garbagn
1190,sabina
1191,rieti
1192,precalcino
1193,colognola
1194,sorisol
1195,cefalu
1196,grinzan
1197,deg
1198,valsugana
1199,valsolda
1200,pula
1201,vigilio
1202,ticciano
1203,salò
1204,ovada
1205,cervesina
1206,sansepolcro
1207,badia
1208,mian
1209,milan
1210,monfalcon
1211,gallar
1212,real
1213,pantaleo
1214,benaco
1215,greco
1216,casaglia
1217,imeres
1218,caprarola
1219,legno
1220,porcia
1221,baronissi
1222,fidenza
1223,toscolano
1224,fassa
1225,elsa
1226,soverato
1227,carona
1228,capri
1229,appignano
1230,anzola
1231,salvo
1232,fagnano
1233,rotondo
1234,salina
1235,lodi
1236,menfi
1237,alghero
1238,ossana
1239,perugia
1240,cima
1241,riposto
1242,pella
1243,follina
1244,saturnia
1245,cervinia
1246,falletto
1247,trezzano
1248,dossobuono
1249,sasso
1250,stivier
1251,rapallo
1252,valdarno
1253,soriso
1254,palmi
1255,treviglio
1256,nizza
1257,vipiteno
1258,rubbianino
1259,livigno
1260,brez
1261,montegrosso
1262,almenno
1263,campogalliano
1264,olona
1265,borbera
