city,region,latitude,longitude
Genoa,Liguria,44.40726,8.9338624
Naples,Campania,40.8358846,14.2487679
Paestum,Campania,40.4216783,15.0148832
Ortisei,Trentino-South Tyrol,46.5752077,11.6721382
Gardone Riviera,Lombardy,45.6187853,10.5591005
Varese,Lombardy,45.839720299999996,8.754133838056571
Ticciano,Campania,40.6453842,14.4539381
Pompei,Campania,40.7491267,14.5006415
Verona,Veneto,45.442497700000004,10.985737689444763
Rome,Lazio,41.8933203,12.4829321
Florence,Tuscany,43.7697955,11.2556404
Treia,Marche,43.310556,13.311475
Livigno,Lombardy,46.5381734,10.1359928
Milan,Lombardy,45.4641943,9.1896346
Valdieri,Piedmont,44.277626,7.397631
Rapallo,Liguria,44.3511473,9.229671
Sorrento,Campania,40.624906,14.374836
Treviso,Veneto,45.806691349999994,12.206315763116372
Pallanza,Piedmont,45.9230169,8.5497586
San Michele,Trentino-South Tyrol,46.455274,11.25912
Imola,Emilia-Romagna,44.3535145,11.7141233
Olevano Romano,Lazio,41.860621,13.03309
Godia,Friuli-Venezia Giulia,46.1015985,13.2643678
Spoltore,Abruzzo,42.4552037,14.1406198
Greve in Chianti,Tuscany,43.5824597,11.3168731
Ponza,Lazio,40.8932368,12.9630622
Turin,Piedmont,45.0677551,7.6824892
Mortara,Lombardy,45.2518433,8.7377449
Maranello,Emilia-Romagna,44.5255217,10.8663607
Guarene,Piedmont,44.7394863,8.0348361
Lonigo,Veneto,45.3881155,11.38799
Suna,Piedmont,45.9312024,8.5409253
Roncade,Veneto,45.6279075,12.3747797
Vittorio Veneto,Veneto,45.9896648,12.2964361
Squille,Campania,41.1558165,14.4327989
Castel di Sangro,Abruzzo,41.7842727,14.1080639
Formello,Lazio,42.082521,12.400273
Bolgheri,Tuscany,43.2340065,10.6179334
Terrasini,Sicily,38.1528221,13.0821216
Marina del Cantone,Campania,40.5834446,14.3552271
Brescia,Lombardy,45.77958045,10.4258729694612
Caltanissetta,Sicily,37.4899412,14.0631618
Como,Lombardy,45.939475900000005,9.149410132545793
Villar Dora,Piedmont,45.114646,7.383515
Contigliano,Lazio,42.4093586,12.7665388
Noci,Apulia,40.7946798,17.1235566
Monforte d'Alba,Piedmont,44.582438,7.969637
Furore,Campania,40.618792,14.5533482
Lodi,Lombardy,45.2613104,9.491678060021837
Spilimbergo,Friuli-Venezia Giulia,46.1113355,12.9016287
Ostuni,Apulia,40.727631,17.576406
Iseo,Lombardy,45.6598202,10.048788
Nettuno,Lazio,41.4575382,12.661425
Monterotondo,Lazio,42.0517987,12.6183967
Milazzo,Sicily,38.2208049,15.2415129
Padua,Veneto,45.4077172,11.8734455
Amalfi,Campania,40.63367,14.6026095
Parma,Emilia-Romagna,44.6952006,10.097986896904466
Lucera,Apulia,41.5082727,15.3376465
Noli,Liguria,44.2058832,8.416419
Castelnuovo Berardenga,Tuscany,43.3455237,11.5018883
Breuil Cervinia,Aosta Valley,45.9356034,7.6304397
Orta San Giulio,Piedmont,45.7980814,8.406951
Peschiera del Garda,Veneto,45.4389454,10.6920171
Asiago,Veneto,45.8753771,11.5106998
Cerreto Guidi,Tuscany,43.7589215,10.879013
Vicenza,Veneto,45.63485905,11.40635425660249
Dolegna del Collio,Friuli-Venezia Giulia,46.031323,13.4793349
Bologna,Emilia-Romagna,44.4938203,11.3426327
Schio,Veneto,45.7113511,11.3553593
Catania,Sicily,37.5023612,15.0873718
Marzamemi,Sicily,36.7418376,15.1176543
Cerretto Langhe,Piedmont,44.574839,8.09794
Capri,Campania,40.5488429,14.228370814497762
Gallarate,Lombardy,45.6598951,8.7932013
Mandello del Lario,Lombardy,45.919183,9.319341
Corvara in Badia,Trentino-South Tyrol,46.5495743,11.8740339
Montù Beccaria,Lombardy,45.0369456,9.3155381
Montallegro,Sicily,37.392939,13.350753
Polignano a Mare,Apulia,40.9944463,17.2224879
Voghera,Lombardy,44.9926704,9.0086667
Bibbiena,Tuscany,43.6955475,11.817341
Sasso Marconi,Emilia-Romagna,44.3996319,11.247554
Treviglio,Lombardy,45.5217245,9.5931485
Stradella,Lombardy,45.0773563,9.2950171
Lenna,Lombardy,45.9439828,9.6786963
Mestre,Veneto,45.4943063,12.2418053
Fondo,Trentino-South Tyrol,46.49621805790679,11.168970314109487
San Benedetto del Tronto,Marche,42.9525328,13.8807144
Brennero,Trentino-South Tyrol,47.0037399,11.5047991
Grottammare,Marche,42.9904967,13.8687605
Fano,Marche,43.8424173,13.0146632
Melizzano,Campania,41.1605703,14.5053103
Castiglione delle Stiviere,Lombardy,45.3896766,10.4888745
Casteggio,Lombardy,45.0141141,9.1235778
Forio,Campania,40.7368416,13.8581354
Pozzolo Formigaro,Piedmont,44.7951536,8.7848493
Sutri,Lazio,42.247023,12.215067
Fiumicino,Lazio,41.7712145,12.2278855
Montopoli in Val d'Arno,Tuscany,43.6702986,10.7608316
Riola Sardo,Sardinia,39.9941018,8.5386732
San Marzano di San Giuseppe,Apulia,40.454425,17.505607
Santa Marina Salina,Sicily,38.56117,14.870772
Marina di Ragusa,Sicily,36.7839507,14.5544944
Rivarolo Canavese,Piedmont,45.3320235,7.7230498
Peschiera Borromeo,Lombardy,45.4318465,9.311479
Montalcino,Tuscany,43.0575578,11.4902818
Ferrara,Emilia-Romagna,44.766764249999994,11.827938995640167
Cagliari,Sardinia,39.2171994,9.113311
Pettenasco,Piedmont,45.8171622,8.4087011
Rimini,Emilia-Romagna,43.946543250000005,12.630749019254939
San Mauro a Mare,Emilia-Romagna,44.1631101,12.4466459
Carpi,Emilia-Romagna,44.7835699,10.8854523
Torriana,Emilia-Romagna,43.9858,12.385382
Pennabilli,Emilia-Romagna,43.8170539,12.265276
Padenghe sul Garda,Lombardy,45.509584,10.506376
Ponte di Legno,Lombardy,46.258603,10.508662
Misano Adriatico,Emilia-Romagna,43.9774954,12.6986947
Panicale,Umbria,43.0290588,12.0983637
Stresa,Piedmont,45.8837277,8.5390268
La Morra,Piedmont,44.6384797,7.9325818
Sirmione,Lombardy,45.4688494,10.6078237
Sarre,Aosta Valley,45.7167983,7.2591539
Modena,Emilia-Romagna,44.5384728,10.935960870530739
Trebaseleghe,Veneto,45.5918117,12.0509986
Esine,Lombardy,45.9258392,10.2508308
Galliate,Piedmont,45.4782672,8.6969031
Ravello,Campania,40.6496643,14.6122753
Algund,Trentino-South Tyrol,46.6825194,11.1230691
Rho,Lombardy,45.528878,9.04156
Terni,Umbria,42.6539486,12.439652829139407
Prato,Tuscany,43.935718050000006,11.09414726770089
Trani,Apulia,41.275088,16.4162585
Montebenichi,Tuscany,43.405625,11.5443441
Cortina d'Ampezzo,Veneto,46.5383332,12.1373506
Noto,Sicily,36.8908864,15.0706454
Rubiera,Emilia-Romagna,44.6532007,10.781081
Palazzo San Gervasio,Basilicata,40.931324,15.980767
Pietra Ligure,Liguria,44.152931,8.286552
Monterosso al Mare,Liguria,44.1465216,9.6555583
Ischia,Campania,40.734205,13.947125
Matera,Basilicata,40.447641899999994,16.47357384028852
Modica,Sicily,36.8589209,14.7613018
Sant'Omobono Terme,Lombardy,45.8116872,9.5359629
Malo,Veneto,45.660296,11.407493
San Quirino,Friuli-Venezia Giulia,46.0361673,12.6800395
Grazie,Lombardy,45.1551648,10.693944
Forte dei Marmi,Tuscany,43.9595891,10.1699392
Monsummano Terme,Tuscany,43.8707438,10.8140162
Gabicce Monte,Marche,43.964191,12.7734292
Magliano Alfieri,Piedmont,44.769244,8.070136
Scorzè,Veneto,45.5713541,12.108383
Sestri Ponente,Liguria,44.4249254,8.8499031
Venice,Veneto,45.4371908,12.3345898
Vieste,Apulia,41.8827595,16.1791791
Palermo,Sicily,38.1112268,13.3524434
Monza,Lombardy,45.6395418,9.278830418070044
Poggiridenti,Lombardy,46.1756616,9.9262461
Olbia,Sardinia,40.9232659,9.5027442
Taormina,Sicily,37.8512218,15.2830191
Gavi,Piedmont,44.687649,8.809353
Positano,Campania,40.6286581,14.4854955
Viareggio,Tuscany,43.8672392,10.2506055
Trento,Trentino-South Tyrol,46.6438496,12.3837697
Badia,Trentino-South Tyrol,46.610124,11.893487
Porto San Giorgio,Marche,43.1826562,13.7933863
Macerata,Marche,43.15297805,13.150882217502017
Colle,Trentino-South Tyrol,46.5480245,11.3451999
Cesenatico,Emilia-Romagna,44.1999283,12.3969692
Sarentino,Trentino-South Tyrol,46.69535665,11.387392520694535
Andora,Liguria,43.9519286,8.1456487
Pozzuoli,Campania,40.822643,14.1219109
Oggiono,Lombardy,45.79188,9.346745
Savona,Liguria,44.2334238,8.252572737021062
Giarre,Sicily,37.726857,15.187688
Cefalu,Sicily,38.034957,14.0244562
Chieri,Piedmont,45.0138842,7.8223544
Tropea,Calabria,38.6752674,15.8948507
Porto Rotondo,Sardinia,41.0283101,9.5477055
Val Liona,Veneto,45.410202,11.4720786
Vico Equense,Campania,40.6623446,14.4264683
Porto San Paolo,Sardinia,40.8763052,9.6294901
Este,Veneto,45.2240069,11.659796
Lido di Savio,Emilia-Romagna,44.3101326,12.3430734
Polesine Parmense,Emilia-Romagna,45.018108,10.0881543
Oliena,Sardinia,40.27226,9.403036
Roseto degli Abruzzi,Abruzzo,42.677577,14.0144636
Rovato,Lombardy,45.5670385,9.9986008
Pollenzo,Piedmont,44.6828984,7.8948821
Oppeano,Veneto,45.3062139,11.1823399
Glorenza,Trentino-South Tyrol,46.6714924,10.5539127
Domodossola,Piedmont,46.1152451,8.2920459
Asti,Piedmont,44.826012649999996,8.202686328987273
Chies d'Alpago,Veneto,46.1653278,12.3924722
Castagnito d'Alba,Piedmont,44.76025808046911,8.014112416201144
San Casciano in Val di Pesa,Tuscany,43.6569596,11.1856679
Brusciano,Campania,40.923212,14.423933
Corciano,Umbria,43.1290269,12.287718
Puegnago sul Garda,Lombardy,45.56938895,10.510107562189347
Cernobbio,Lombardy,45.8413945,9.0759048
Lavello,Basilicata,41.045625,15.790762
Casale Monferrato,Piedmont,45.1362661,8.4498127
Pizzighettone,Lombardy,45.1868847,9.7824836
Bassano del Grappa,Veneto,45.7669109,11.7343469
Madonna di Senales,Trentino-South Tyrol,46.722537,10.858376644500439
Lucca,Tuscany,44.017763900000006,10.454430026192636
Teramo,Abruzzo,42.65811795,13.69787458752063
Arezzo,Tuscany,43.51714415,11.763928194732205
Rivanazzano Terme,Lombardy,44.9307667,9.014159
San Marzano Oliveto,Piedmont,44.7540212,8.2957567
Mira,Veneto,45.41199655,12.194210690028111
Coriano,Emilia-Romagna,43.965186,12.602374
Ravenna,Emilia-Romagna,44.364060699999996,12.059009490863945
Buttrio,Friuli-Venezia Giulia,46.010421,13.333831
Salò,Lombardy,45.6056775,10.520069
Deruta,Umbria,42.98229,12.4195878
Carrara,Tuscany,44.0771026,10.096726
Cima,Lombardy,46.0249137,9.090261
Cavour,Piedmont,44.7854988,7.3738413
Saludecio,Emilia-Romagna,43.8726846,12.6685074
Santa Maria di Castellabate,Campania,40.2855627,14.947901
Rapolano Terme,Tuscany,43.2865495,11.6044699
Seregno,Lombardy,45.649723,9.2053999
Montecalvo Versiggia,Lombardy,44.971268,9.2855415
Aosta,Aosta Valley,45.7370885,7.3196649
Finale Emilia,Emilia-Romagna,44.834574,11.293905
Montoro,Campania,40.8328763,14.7917765
Baronissi,Campania,40.7469385,14.7699874
Varallo,Piedmont,45.8137306,8.2592113
Varenna,Lombardy,46.0099785,9.2831593
Colle di Val d'Elsa,Tuscany,43.4226455,11.126394
Lipari,Sicily,38.4681846,14.9547202
Castel San Pietro Terme,Emilia-Romagna,44.4012699,11.5854987
Passignano sul Trasimeno,Umbria,43.1847425,12.136838
Montepulciano,Tuscany,43.0945279,11.7826795
Telese,Campania,41.2164141,14.5270004
San Giorgio del Sannio,Campania,41.0619659,14.8538405
Nibbiaia,Tuscany,43.4639716,10.4168107
Robbiate,Lombardy,45.6911341,9.4413225
Castiglione della Pescaia,Tuscany,42.7639301,10.8790917
Bacoli,Campania,40.7966129,14.0777834
Soprabolzano,Trentino-South Tyrol,46.5295495,11.4063468
Piombino,Tuscany,42.9231662,10.5268192
Pescara,Abruzzo,42.3102619,13.95759010584892
Licata,Sicily,37.1016426,13.9376618
Assisi,Umbria,43.0711952,12.6146669
Bergamo,Lombardy,45.756655699999996,9.754219200862249
Pordenone,Friuli-Venezia Giulia,45.9562503,12.6597197
Montecchio Precalcino,Veneto,45.665781,11.563302
Apricena,Apulia,41.783938,15.443744
Pieve di Coriano,Lombardy,45.0337994,11.1082525
Senorbì,Sardinia,39.535044,9.130141
Monselice,Veneto,45.2417684,11.7508534
Trieste,Friuli-Venezia Giulia,45.6496485,13.7772781
Nova Levante,Trentino-South Tyrol,46.4302623,11.5389153
Treiso,Piedmont,44.6891509,8.0868452
Moltrasio,Lombardy,45.874050249999996,9.091480319324706
Otranto,Apulia,40.1456661,18.490757
Caiolo,Lombardy,46.149994,9.814548
Gaione,Emilia-Romagna,44.7587302,10.2881934
Montà,Piedmont,44.813644,7.957233
Ponte,Piedmont,46.3768507,8.4257219
Lavariano,Friuli-Venezia Giulia,45.9553207,13.2264391
Rivoli,Piedmont,45.0697151,7.5176764
Crevalcore,Emilia-Romagna,44.72057,11.149804
Marina di Gioiosa Ionica,Calabria,38.3006628,16.3303619
Albiate,Lombardy,45.6589901,9.2557963
Pizzo,Calabria,38.7356749,16.1622949
Rodengo Saiano,Lombardy,45.5976458,10.1094679
Cala Gonone,Sardinia,40.2820879,9.6343396
Merano,Trentino-South Tyrol,46.6695547,11.1594185
Paraggi,Liguria,44.3115731,9.208602
Bagheria,Sicily,38.079351,13.509349
Avezzano,Abruzzo,42.0347963,13.4265048
Sauris,Friuli-Venezia Giulia,46.4653657,12.7087174
Santa Cristina d'Aspromonte,Calabria,38.255372,15.970499
Pozzolengo,Lombardy,45.4059696,10.6313729
Scorrano,Apulia,40.091623,18.299629
Empoli,Tuscany,43.7194884,10.9458556
Barbaresco,Piedmont,44.7254469,8.0806959
Recanati,Marche,43.4035085,13.5486016
Syracuse,Sicily,37.0646139,15.2907196
Sant'Antonio Abate,Campania,40.723709,14.546538
Sciacca,Sicily,37.5064786,13.0823323
Conca dei Marini,Campania,40.6176092,14.5725004
San Miniato,Tuscany,43.6797502,10.8500949
Porcia,Friuli-Venezia Giulia,45.946555000000004,12.601780874786431
San Gimignano,Tuscany,43.4677993,11.0432115
Bolzano,Trentino-South Tyrol,46.4984781,11.3547399
Pontinia,Lazio,41.4084557,13.0443366
Gattinara,Piedmont,45.6142424,8.3711382
Vietri sul Mare,Campania,40.6715477,14.7286002
Morrano Nuovo,Umbria,42.7703374,12.1325935
Scala,Campania,40.6536142,14.6077924
Sant' Agnello,Campania,40.630006,14.397136
Troia,Apulia,41.363128,15.312347
Masio,Piedmont,44.869649,8.407741
Poggibonsi,Tuscany,43.4677215,11.148762
Lainate,Lombardy,45.57093,9.0270637
Sellano,Umbria,42.8883883,12.9262871
Cremolino,Piedmont,44.635945,8.585249
Sassari,Sardinia,40.7778499,8.9219725134863
Minervino di Lecce,Apulia,40.088424,18.420432
Castel Giorgio,Umbria,42.7078943,11.9793909
Trescore Balneario,Lombardy,45.696483,9.842557
Sondrio,Lombardy,46.32336235,10.258413671017703
Cividale del Friuli,Friuli-Venezia Giulia,46.0936233,13.4303277
Lughetto,Veneto,45.3827635,12.1290707
Ambivere,Lombardy,45.71958,9.55015
Ceglie Messapica,Apulia,40.6460444,17.5170566
Mese,Lombardy,46.3052737,9.3803256
Albignasego,Veneto,45.347492,11.867209
Norcia,Umbria,42.7924117,13.0929279
Selva Malvezzi,Emilia-Romagna,44.5559288,11.6271487
Cavaion Veronese,Veneto,45.5402927,10.7701873
Borgo Vercelli,Piedmont,45.357862,8.463033
Bagno di Romagna,Emilia-Romagna,43.8352272,11.9595985
San Nicola Manfredi,Campania,41.0717684,14.8245336
Macchie,Umbria,43.05538,12.076734
Pisciotta,Campania,40.108902,15.234561
Gudon,Trentino-South Tyrol,46.6488221,11.6024079
Pella,Piedmont,45.8016249,8.3847792
Frascati,Lazio,41.8082452,12.6803684
Campobasso,Molise,41.717264799999995,14.826226697820019
Ravarino,Emilia-Romagna,44.7240342,11.099811
Caserta,Campania,41.20351925,14.116862382970815
Borgonovo Val Tidone,Emilia-Romagna,45.014362,9.443461
Malnate,Lombardy,45.8000916,8.8781675
Lapio,Veneto,45.4744905,11.5355517
Grezzana,Veneto,45.5185311,11.0161587
Caprarola,Lazio,42.326625,12.235766
Capri Leone,Sicily,38.0858737,14.7301178
Abano Terme,Veneto,45.3603142,11.7897833
Barletta,Apulia,41.3214976,16.2868696
Cartosio,Piedmont,44.5918425,8.4201313
Anzola dell'Emilia,Emilia-Romagna,44.5466843,11.1933259
Civitella Casanova,Abruzzo,42.3646066,13.8891259
Codigoro,Emilia-Romagna,44.831581,12.109524
Coloreto,Emilia-Romagna,44.7689188,10.3795728
Baldichieri d'Asti,Piedmont,44.9059484,8.0916378
Canelli,Piedmont,44.7192779,8.2871375
Bevagna,Umbria,42.9340752,12.6091209
Baveno,Piedmont,45.9089158,8.5050171
Bagnara Calabra,Calabria,38.288471,15.807795
Ragusa,Sicily,36.9256833,14.7307456
Civitella del Tronto,Abruzzo,42.773446,13.672291
Canale d'Agordo,Veneto,46.3600576,11.9150952
Castel del Piano,Tuscany,42.8932352,11.5383804
Altomonte,Calabria,39.6978818,16.1271277
Verbania,Piedmont,45.9344082,8.5580062
Brusaporto,Lombardy,45.6708455,9.7613544
Civitanova Marche,Marche,43.3055233,13.7229297
Olivola,Piedmont,45.0373877,8.3675266
Cavernago,Lombardy,45.625097,9.7616399
Carsoli,Abruzzo,42.098927,13.084888
Bari,Apulia,41.1257843,16.8620293
Ariano Irpino,Campania,41.1526668,15.0885633
Biella,Piedmont,45.5669538,8.086912008297636
Castellammare del Golfo,Sicily,38.018846,12.885837
San Quirico d'Orcia,Tuscany,43.0603953,11.603645
Faenza,Emilia-Romagna,44.2855555,11.8832055
Cervere,Piedmont,44.635438,7.791932
Casanova di Terricciola,Tuscany,43.5445384,10.6861074
Collebeato,Lombardy,45.5813147,10.2102711
Clusone,Lombardy,45.887088,9.949656
Chiavari,Liguria,44.3164494,9.3233382
Torgiano,Umbria,43.028542,12.44136
Almè,Lombardy,45.7370097,9.614785
Lerici,Liguria,44.0736073,9.9099135
Andria,Apulia,41.2275731,16.2954806
Brione,Lombardy,45.6429228,10.1461559
Trevinano,Lazio,42.8221916,11.8709531
Chiaramonte Gulfi,Sicily,37.031342,14.701285
Bellinzago Lombardo,Lombardy,45.542075,9.445951
Brindisi,Apulia,40.63591975,17.688443357842537
Borgoricco,Veneto,45.5335614,11.9658789
Bagnolo in Piano,Emilia-Romagna,44.762967,10.673293
Rottofreno,Emilia-Romagna,45.0576876,9.5502149
Grosseto,Tuscany,42.7751102,11.287804427628437
Canale,Piedmont,44.7970224,7.9911864
San Fermo della Battaglia,Lombardy,45.8084245,9.048551
Semproniano,Tuscany,42.7306583,11.5403457
Cavallino,Veneto,45.4820293,12.5528714
Palaia,Tuscany,43.6047668,10.7730759
Albenga,Liguria,44.0492503,8.2131239
Dolcedo,Liguria,43.9074393,7.9510985
Foggia,Apulia,41.50281055,15.452893911491383
Montorio al Vomano,Abruzzo,42.5827062,13.6325193
Arzachena,Sardinia,41.079898,9.3876122
Vignola,Emilia-Romagna,44.4784141,11.0090928
Albarè di Costermano,Veneto,45.5731613,10.7577409
San Polo di Piave,Veneto,45.7901075,12.3947754
Pontassieve,Tuscany,43.7738313,11.4346286
Levanto,Liguria,44.1699056,9.6120397
Dosson,Veneto,45.635443,12.2513451
Brixen,Trentino-South Tyrol,46.716413,11.657792
Cologne,Lombardy,45.5815203,9.9411725
Cogne,Aosta Valley,45.6087425,7.3560226
San Piero in Bagno,Emilia-Romagna,43.8576286,11.9769068
San Teodoro,Sardinia,40.7716378,9.6704225
Carona,Lombardy,46.02139,9.78285
Marano di Valpolicella,Veneto,45.5560474,10.9156845
Soragna,Emilia-Romagna,44.9281878,10.1235973
Nola,Campania,40.9210826,14.5327402
Volterra,Tuscany,43.400337,10.860019
Finalborgo,Liguria,44.1763193,8.3276369
Soriso,Piedmont,45.7417373,8.4097034
Anacapri,Campania,40.555713,14.2136104
Toscolano-Maderno,Lombardy,45.6345707,10.609815
Eboli,Campania,40.6175146,15.0569438
Perugia,Umbria,43.1070321,12.402996209906487
Puos d'Alpago,Veneto,46.1410937,12.3623258
Piacenza,Emilia-Romagna,44.8476352,9.666531257696896
Zafferana Etnea,Sicily,37.6932846,15.1064599
Marciana Marina,Tuscany,42.8036083,10.1967676
Sandrigo,Veneto,45.6606078,11.6029276
Bolzone,Lombardy,45.3332343,9.6629613
Tortona,Piedmont,44.89666,8.8641282
Porto Torres,Sardinia,40.8370333,8.4013292
Archi,Sicily,38.1968443,15.2824677
Santa Maria della Versa,Lombardy,44.9861766,9.3001984
La Spezia,Liguria,44.23836595,9.691232634547537
Oltressenda Alta,Lombardy,45.9166987,9.9442319
Castiglione del Lago,Umbria,43.127155,12.0452096
Podenzano,Emilia-Romagna,44.956363,9.684967
Offanengo,Lombardy,45.378874,9.742361
Pralboino,Lombardy,45.2679989,10.2174131
Alba,Piedmont,44.7007236,8.0357786
Umbertide,Umbria,43.3056365,12.3366222
Capolona,Tuscany,43.563998,11.8587865
Novara,Piedmont,45.584250049999994,8.545996970894572
Porto Cervo,Sardinia,41.1318983,9.5353646
Selva di Val Gardena,Trentino-South Tyrol,46.5551877,11.7600992
San Cassiano,Trentino-South Tyrol,46.5710618,11.9323556
Portofino,Liguria,44.3036653,9.2093446
Pula,Sardinia,39.007433,9.001646
Imperia,Liguria,43.95837525,7.866742714674276
Courmayeur,Aosta Valley,45.7874248,6.9730618
Santa Teresa Gallura,Sardinia,41.241377,9.188518
Cornaredo,Lombardy,45.5016851,9.025746
Torano Nuovo,Abruzzo,42.823048,13.777293
Ariccia,Lazio,41.720709,12.6713481
Gragnano,Campania,40.6899999,14.5210654
Colognola ai Colli,Veneto,45.4346311,11.1867006
Arborea,Sardinia,39.7738457,8.5817533
Genazzano,Lazio,41.8296733,12.9722464
Caravaggio,Lombardy,45.4972605,9.6437404
Strongoli,Calabria,39.2639586,17.0520257
San Giovanni in Fiore,Calabria,39.2536724,16.6978044
Ugento,Apulia,39.926319,18.157428
Framura,Liguria,44.2071004,9.5541046
Fosdinovo,Tuscany,44.13382,10.018869
Montichiari,Lombardy,45.415181,10.390675
Maiori,Campania,40.648908,14.640141
Offida,Marche,42.9348208,13.6910435
Fasano,Apulia,40.834432,17.358399
Belluno,Veneto,46.2805407,12.078913722504204
Marina Di Campo,Tuscany,42.761268599999994,10.239226363310935
Portonovo,Marche,43.5619063,13.5931044
Acuto,Lazio,41.791521,13.174394
Kiens,Trentino-South Tyrol,46.808627,11.8398396
Senigallia,Marche,43.7149517,13.2179488
Castiglione Falletto,Piedmont,44.6236987,7.9774527
Arma di Taggia,Liguria,43.8310037,7.8490829
Tivoli,Lazio,41.960922,12.798884
Concesio,Lombardy,45.605184,10.216967
Baia Sardinia,Sardinia,40.7260287,9.6863958
Capodacqua,Umbria,43.0176633,12.7835946
Lallio,Lombardy,45.66638,9.630053
Sesto San Giovanni,Lombardy,45.5357218,9.2376549
Morgex,Aosta Valley,45.7580223,7.0354328
Torre del Lago Puccini,Tuscany,43.8280555,10.2912202
Castrocaro Terme,Emilia-Romagna,44.182365,11.955631
Caluso,Piedmont,45.304955,7.895722
Cercemaggiore,Molise,41.461326,14.723133
Cagli,Marche,43.5457373,12.6517877
Appiano Gentile,Lombardy,45.7346371,8.979101
Cherasco,Piedmont,44.6522191,7.8580149
Bientina,Tuscany,43.7101845,10.6203207
Cannara,Umbria,42.994742,12.579363
Isola di Capo Rizzuto,Calabria,38.959993,17.093315
Montrigiasco,Piedmont,45.7716843,8.5116697
Chieti,Abruzzo,42.10269285,14.41590530501923
Savigno,Emilia-Romagna,44.3919473,11.0745599
Civitella del Lago,Umbria,42.7119732,12.2811913
Castelmezzano,Basilicata,40.5302366,16.0465508
Casalgrande,Emilia-Romagna,44.5880091,10.7373209
Cavazzo Carnico,Friuli-Venezia Giulia,46.3674902,13.0399653
Cavatore,Piedmont,44.630344,8.454247
Runate,Lombardy,45.1709096,10.356996
San Casciano dei Bagni,Tuscany,42.8715509,11.8752274
Cavalese,Trentino-South Tyrol,46.3175824,11.2824911
Carovigno,Apulia,40.7071852,17.656848
Santa Maria Maggiore,Piedmont,46.1349546,8.4672779
Salsomaggiore Terme,Emilia-Romagna,44.814762,9.979576
Asolo,Veneto,45.8007265,11.9142444
Bardolino,Veneto,45.5475595,10.7242145
Montemarcello,Liguria,44.0461588,9.9656253
Arcugnano,Veneto,45.5004723,11.5356994
Barbarano Vicentino,Veneto,45.4093424,11.5409364
Acri,Calabria,39.493005,16.3849498
Aprilia,Lazio,41.5942016,12.6485765
Agnone,Molise,41.8095612,14.3770463
Alghero,Sardinia,40.5587291,8.3153206
Afragola,Campania,40.926012,14.310831
Capriate San Gervasio,Lombardy,45.612578,9.528752
Spinetta Marengo,Piedmont,44.8861753,8.6829041
Badia di Dulzago,Piedmont,45.5499058,8.612759
Ancona,Marche,43.4801189,13.218727943815642
Torrechiara,Emilia-Romagna,44.656766,10.2781141
Noceto,Emilia-Romagna,44.8099007,10.1772596
Cormons,Friuli-Venezia Giulia,45.957791,13.4709541
Bettolle,Tuscany,43.206274,11.804331
Baschi,Umbria,42.6702835,12.2161353
Rotonda,Basilicata,39.9527864,16.0390877
Arzignano,Veneto,45.519292,11.338594
Capriata d'Orba,Piedmont,44.727849,8.69085
Adria,Veneto,45.0531228,12.0572
Diolo,Emilia-Romagna,44.965905,10.1481737
Cicognolo,Lombardy,45.164573,10.194575
Milano Marittima,Emilia-Romagna,44.2774759,12.3481763
Sienna,Tuscany,43.167205949999996,11.467561040475552
Alzano Lombardo,Lombardy,45.7336026,9.730494
Arabba,Veneto,46.4971763,11.8740902
Cuneo,Piedmont,44.45807035,7.558136691151624
Bodio Lomnago,Lombardy,45.79122945,8.751004282625567
Isola Dovarese,Lombardy,45.1762691,10.3129568
Altamura,Apulia,40.8285595,16.5527314
Borgio Verezzi,Liguria,44.164968200000004,8.306662116087459
Chiusi,Tuscany,43.016515,11.9477359
Torno,Lombardy,45.857591,9.1162943
Raveo,Friuli-Venezia Giulia,46.434428,12.871113
Cortona,Tuscany,43.2752976,11.9850623
Noventa Padovana,Veneto,45.4142322,11.9507999
Cavaglià,Piedmont,45.4077339,8.0934286
Brufa,Umbria,43.0591647,12.4746436
Bracca,Lombardy,45.8238863,9.7078713
Sala Bolognese,Emilia-Romagna,44.629603,11.272747686018814
Aci Castello,Sicily,37.5542111,15.14856
Monteriggioni,Tuscany,43.3899772,11.2235936
Cecina,Tuscany,43.3113449,10.5173443
Fossombrone,Pesaro e Urbino,43.6907965,12.8126121
San Pantaleo,Sardinia,41.0467078,9.4672873
Corte de' Cortesi,Lombardy,45.273174,10.007869
Anterivo,Trentino-South Tyrol,46.279746700000004,11.367961064571444
Costermano,Veneto,45.5856638,10.7399739
Alassio,Liguria,44.0080109,8.1730265
Saronno,Lombardy,45.6256764,9.0373283
Urbino,Marche,43.7262608,12.6363135
Lomazzo,Lombardy,45.6984514,9.0363529
Riva del Garda,Trentino-South Tyrol,46.47892393207291,11.340335137961675
Feltre,Veneto,46.0163755,11.9062541
Ventimiglia,Liguria,43.7917623,7.6033131
Montefalco,Umbria,42.8918739,12.6500673
San Severino Marche,Marche,43.2290211,13.1779663
Pesaro,Marche,43.9098114,12.9131228
Pollone,Piedmont,45.579763,8.005919
Campagnola Cremasca,Lombardy,45.398474,9.669459
Montefiorino,Emilia-Romagna,44.3580054,10.6229898
San Polo d'Enza,Emilia-Romagna,44.6258624,10.4222874
Follina,Veneto,45.9530729,12.1181368
Delebio,Lombardy,46.13609,9.46064
Lecce,Apulia,40.152217300000004,18.2260628338229
Barco,Lombardy,45.3791667,9.8995332
Serravalle Pistoiese,Tuscany,43.9058503,10.8330195
Robbio,Lombardy,45.2899709,8.5932785
Numana,Marche,43.5103436,13.6226368
L'Aquila,Abruzzo,42.1368853,13.610341022538911
Castagnole Piemonte,Piedmont,44.8990644,7.566528
Albavilla,Lombardy,45.8031171,9.1884829
San Martino,Tuscany,43.7130588,10.4044808
Sirolo,Marche,43.5246892,13.6178462
Monfumo,Veneto,45.8303733,11.9211182
Monopoli,Apulia,40.9522369,17.299948
Céres,Piedmont,45.3133772,7.3896883
Mantua,Lombardy,45.1692628,10.670836515673878
Gualdo Cattaneo,Umbria,42.9094087,12.5558159
Drena,Trentino-South Tyrol,46.9962926,11.5004166
Terracina,Lazio,41.2871196,13.2492009
Quero,Veneto,45.9210025,11.9305542
Pieve San Giacomo,Lombardy,45.130272,10.186275
Trapani,Sicily,38.0173961,12.5160225
Salerno,Campania,40.419441649999996,15.310608468834516
Laigueglia,Liguria,43.9788263,8.157351
Carrù,Piedmont,44.481035,7.874437
Torre di Palme,Marche,43.1412644,13.8097946
Calvisano,Lombardy,45.3480525,10.345921
Montegrosso,Apulia,41.1737463,16.1401332
Ascoli Piceno,Marche,42.8834204,13.539593040686007
Fabbrico,Emilia-Romagna,44.8720906,10.8100618
Caltignaga,Piedmont,45.5169755,8.587782
Anghiari,Tuscany,43.5409662,12.0545815
Castellina in Chianti,Tuscany,43.4691786,11.2872857
Cassino,Lazio,41.4925576,13.8305297
Sassetta,Tuscany,43.1289914,10.6439077
Chiesa in Valmalenco,Lombardy,46.2640846,9.8496555
Tarquinia,Lazio,42.2532394,11.7591747
Grinzane Cavour,Piedmont,44.65334,7.995036
Busca,Piedmont,44.518132,7.474328
Cerignola,Apulia,41.2648121,15.8996651
Saint-Christophe,Aosta Valley,45.7474199,7.3561685
Brusson,Aosta Valley,45.759342,7.7304474
Toceno,Piedmont,46.1435648,8.4666927
Moggiona,Tuscany,43.782191,11.7925573
Frisanco,Friuli-Venezia Giulia,46.2127764,12.7270621
Castelletto sopra Ticino,Piedmont,45.7121687,8.6429769
Villa d'Almè,Lombardy,45.749682,9.614451
Maglie,Apulia,40.1184626,18.2988529
Città della Pieve,Umbria,42.9527338,12.004326
Atrani,Campania,40.636908,14.607541
Rende,Calabria,39.3319934,16.1843828
Adrara San Martino,Lombardy,45.6999454,9.9489353
Torbiato,Lombardy,45.6115298,9.9844199
Busto Arsizio,Lombardy,45.611932,8.8518269
Caramanico Terme,Abruzzo,42.156446,14.0031895
Campogalliano,Emilia-Romagna,44.6905118,10.8407336
Longiano,Emilia-Romagna,44.0743778,12.3274733
Agrigento,Sicily,37.3122991,13.57465
Conversano,Apulia,40.9685142,17.1150442
Castel Gandolfo,Lazio,41.7425222,12.6488774
Bra,Piedmont,44.6976778,7.8542707
Chioggia,Veneto,45.218894,12.2785805
Castelfranco Veneto,Veneto,45.6711936,11.9265094
San Donato in Poggio,Tuscany,43.5353195,11.2342716
Brez,Trentino-South Tyrol,46.4981623,10.9854176
Calestano,Emilia-Romagna,44.6007,10.1229945
Briaglia,Piedmont,44.3956758,7.8760035
Caldogno,Veneto,45.6118362,11.5075805
Castellammare di Stabia,Campania,40.6943046,14.4804813
Candia Canavese,Piedmont,45.327755,7.885121
Serralunga d'Alba,Piedmont,44.6106859,8.0005562
Chiusdino,Tuscany,43.154634,11.084228
Castelletto di Brenzone,Veneto,45.6871783,10.74950634348889
Almenno San Bartolomeo,Lombardy,45.742681,9.582251
Gaeta,Lazio,41.218312,13.56281
Borgonato,Lombardy,45.6210092,10.0171005
Sala Baganza,Emilia-Romagna,44.7139495,10.2263338
Borghetto di Borbera,Piedmont,44.7308921,8.9453314
San Leone,Sicily,37.2660916,13.5820424
Bordighera,Liguria,43.7850512,7.6591094
Bellagio,Lombardy,45.9872549,9.2613001
Carpaneto Piacentino,Emilia-Romagna,44.9152116,9.7880952
Pieve Ligure,Liguria,44.3762485,9.0861613
Castelbuono,Sicily,37.9331292,14.0877842
Borgomanero,Piedmont,45.6989107,8.4623673
Alessandria,Piedmont,44.83495335,8.745030418605868
Cureggio,Piedmont,45.674869,8.459727
Castelbello,Trentino-South Tyrol,46.628306,10.9017598
Cermes,Trentino-South Tyrol,46.6346188,11.146564
Carnello,Lazio,41.6900097,13.6049056
Brenzone sul Garda,Veneto,45.6928612,10.7720118
Castelnovo di Sotto,Emilia-Romagna,44.8108626,10.5632954
Castelbianco,Liguria,44.1118166,8.0709079
Monte Sant'Angelo,Apulia,41.70544,15.967657
Moretta,Piedmont,44.763839,7.537125
Calamandrana,Piedmont,44.7370162,8.3341542
Olgiate Olona,Lombardy,45.6309999,8.8898408
Venosa,Basilicata,40.961323,15.814863
Tavernerio,Lombardy,45.8024262,9.1464359
Isola Vulcano,Sicily,38.399538699999994,14.967380329838809
Vicopisano,Tuscany,43.6998317,10.5846946
Mariano Comense,Lombardy,45.6971411,9.1784276
Celle Ligure,Liguria,44.3463235,8.5444342
San Bartolomeo al Mare,Liguria,43.922924,8.101152
Praiano,Campania,40.611107,14.53134
Vodo di Cadore,Veneto,46.419622,12.244899
Cava de' Tirreni,Campania,40.7004616,14.7062633
Cardano,Trentino-South Tyrol,46.4937167,11.3936474
Pisa,Tuscany,43.4714722,10.679791173704576
Toblach,Trentino-South Tyrol,46.735425,12.2242801
Vernante,Piedmont,44.245027,7.533834
Capoterra,Sardinia,39.175313,8.9719503
Badalucco,Liguria,43.9155573,7.8472946
Marina di Casal Velino,Campania,40.176791,15.1240969
Limito,Lombardy,45.4760154,9.322362781059821
Sorico,Lombardy,46.1722601,9.3799475
Gussago,Lombardy,45.5926638,10.15345
Linguaglossa,Sicily,37.8409138,15.1437161
Savelletri,Apulia,40.8730304,17.4089613
Fossò,Veneto,45.3856495,12.048577
Montemonaco,Marche,42.8991551,13.3268587
Legnano,Lombardy,45.5946464,8.9181625
Valledoria,Sardinia,40.928283,8.8245837
San Felice del Benaco,Lombardy,45.5895461,10.5517327
Forno di Zoldo,Veneto,46.3466219,12.1770892
Tregnago,Veneto,45.5139247,11.1656601
Bianzone,Lombardy,46.188197,10.109354
Acqualagna,Marche,43.6258843,12.6759738
Altissimo,Veneto,45.614739,11.2512582
Aprica,Lombardy,46.152697,10.151656
Garda,Veneto,45.5756512,10.7085298
Torrita di Siena,Tuscany,43.1667601,11.7716466
Marne,Lombardy,45.6241377,9.5579552
Montegridolfo,Emilia-Romagna,43.8589996,12.6885114
Pieve d'Alpago,Veneto,46.1673674,12.3518414
Fiesole,Tuscany,43.8066689,11.2930735
Aversa,Campania,40.973212,14.204928
Manfredonia,Apulia,41.6254728,15.9095926
Isola Sant'Antonio,Piedmont,45.0305007,8.8487341
Piadena,Lombardy,45.1308551,10.3687468
Termoli,Molise,41.9983273,14.9939366
Udine,Friuli-Venezia Giulia,46.0634632,13.2358377
Rubano,Veneto,45.4287288,11.7882736
Madesimo,Lombardy,46.4362982,9.3584136
Cetona,Tuscany,42.964431,11.9004535
Quarona,Piedmont,45.757869,8.265721
Montemagno,Piedmont,44.983701,8.3235786
Riposto,Sicily,37.7318901,15.2042214
Settequerce,Trentino-South Tyrol,46.5110373,11.2745028
Mules,Trentino-South Tyrol,46.8549387,11.5238006
Forlì,Emilia-Romagna,44.2227278,12.041273
Cassinetta di Lugagnano,Lombardy,45.4235759,8.9083136
Vigano,Lombardy,45.7246346,9.3245602
Manerba del Garda,Lombardy,45.549434,10.5512888
Boves,Piedmont,44.3296258,7.5518938
Dogliani,Piedmont,44.5307822,7.9472329
Marostica,Veneto,45.7453924,11.6568938
Ponte dell'Olio,Emilia-Romagna,44.867361,9.642268
Fagagna,Friuli-Venezia Giulia,46.1134401,13.0845716
Pfalzen,Trentino-South Tyrol,46.8119803,11.8840064
Marina di Pietrasanta,Tuscany,43.9325236,10.2067186
Monticelli d'Ongina,Emilia-Romagna,45.0895109,9.9331646
Montecarlo,Tuscany,43.8511862,10.6676214
Roccaraso,Abruzzo,41.8502606,14.0782574
Miane,Veneto,45.9443206,12.0938559
San Vigilio di Marebbe,Trentino-South Tyrol,46.6979997,11.9312299
Latina,Lazio,41.45952605,13.012591212188894
Marina di San Vito,Abruzzo,42.3083606,14.445296
Moncalieri,Piedmont,45.0004614,7.6847543
Senago,Lombardy,45.5761376,9.1244464
Tavagnacco,Friuli-Venezia Giulia,46.1273936,13.2140999
Palazzolo Acreide,Sicily,37.061855,14.9041697
Marotta,Marche,43.7712681,13.1330281
Rubbianino,Emilia-Romagna,44.6513054,10.525093
Marina di Cecina,Tuscany,43.2995802,10.4940069
Laveno,Lombardy,45.9118991,8.61896
Fondi,Lazio,41.3572854,13.430031
Barcuzzi,Lombardy,45.4887435,10.496814
Bobbio,Emilia-Romagna,44.769273,9.3862814
Isola d'Asti,Piedmont,44.8293671,8.177452
Roletto,Piedmont,44.9246915,7.3313239
San Giovanni in Persiceto,Emilia-Romagna,44.6386593,11.1874019
Montoggio,Liguria,44.5154356,9.0442742
Piobesi d'Alba,Piedmont,44.7350191,7.9796685
Mariano del Friuli,Friuli-Venezia Giulia,45.9160611,13.458748
Gsies,Trentino-South Tyrol,46.824096499999996,12.232500513786313
Origgio,Lombardy,45.5976933,9.0180613
Monticelli Brusati,Lombardy,45.6321897,10.0985704
Loro Ciuffenna,Tuscany,43.5922862,11.6330068
Pitigliano,Tuscany,42.634827,11.673549
Orbetello,Tuscany,42.4380944,11.2107429
Marina di Massa,Tuscany,44.0094968,10.1019306
Terranova di Pollino,Basilicata,39.978107,16.296286
Portoscuso,Sardinia,39.207031,8.380931
Issengo,Trentino-South Tyrol,46.8160801,11.8625462
Pinerolo,Piedmont,44.8873086,7.3319454
Fagnano Olona,Lombardy,45.6689478,8.8727714
Vercelli,Piedmont,45.55538265,8.346283678327271
Oviglio,Piedmont,44.86125,8.487743
Recco,Liguria,44.3652396,9.1462995
Pietrasanta,Tuscany,43.9589031,10.2332031
Lucarelli,Tuscany,43.5183022,11.3118213
Cremona,Lombardy,45.22086405,10.037037979628856
Mergozzo,Piedmont,45.96128,8.4495252
Rivodutri,Lazio,42.516434,12.854977
Negrar,Veneto,45.5296706,10.9400217
Finale Ligure,Liguria,44.1689049,8.3436524
Pacentro,Abruzzo,42.0499635,13.9910727
Velo Veronese,Veneto,45.6050596,11.0957685
Galliera Veneta,Veneto,45.6628395,11.8284875
Vedole,Emilia-Romagna,44.9228321,10.3594849
San Vincenzo,Tuscany,43.1006951,10.5387914
Sant'Anna,Piedmont,45.930641,8.1751257
Casaglia,Umbria,43.1061164,12.4326916
Cavi di Lavagna,Liguria,44.2908658,9.3779898
Ruvo di Puglia,Apulia,41.1171985,16.4845354
Revine,Veneto,46.0000268,12.2534954
Montemerano,Tuscany,42.62152,11.4911311
Rablà,Trentino-South Tyrol,46.6728776,11.0617356
Orvieto,Umbria,42.7186152,12.1087907
Dovera,Lombardy,45.3651533,9.5416879
Garbagnate Milanese,Lombardy,45.5772279,9.080023
Messina,Sicily,38.1937571,15.5542082
Fidenza,Emilia-Romagna,44.866522,10.0611939
Sclafani Bagni,Sicily,37.821589,13.8547805
Gaibana,Emilia-Romagna,44.7524551,11.6556009
Mutignano,Abruzzo,42.5876614,14.0334093
Loano,Liguria,44.1287537,8.2593713
Pineto,Abruzzo,42.6077714,14.0671028
Riva di Solto,Lombardy,45.7734318,10.0385394
Ardenza,Tuscany,43.521789749999996,10.317725579534647
Valsolda,Lombardy,46.029095299999994,9.043912334526064
Malfa,Sicily,38.57597,14.835471
Quarto,Campania,40.8771936,14.1401591
Mornago,Lombardy,45.747541,8.752299
Brunico,Trentino-South Tyrol,46.7963194,11.9355121
Sestri Levante,Liguria,44.2714526,9.3958627
Castel Maggiore,Emilia-Romagna,44.575685,11.3648104
Saint-Vincent,Aosta Valley,45.7503861,7.647884
Castelvetro di Modena,Emilia-Romagna,44.5034615,10.9432999
Sappada,Friuli-Venezia Giulia,46.571795050000006,12.69543929886029
Santarcangelo di Romagna,Emilia-Romagna,44.0634029,12.4467143
Riomaggiore,Liguria,44.0989747,9.7386704
Loreto,Marche,43.439498,13.6070214
Ladispoli,Lazio,41.9537219,12.0734646
Vairano Patenora,Campania,41.337019,14.1311068
Lamezia Terme,Calabria,38.9645069,16.3021451
Alberobello,Apulia,40.7841242,17.2377031
Fiorano Modenese,Emilia-Romagna,44.539143,10.8118482
San Giuliano Milanese,Lombardy,45.3949933,9.2842979
Vasto,Abruzzo,42.12434,14.705923
Annone Veneto,Veneto,45.79551,12.68422
Revere,Lombardy,45.053478,11.131298
Altare,Liguria,44.3359819,8.3399306
Barate,Lombardy,45.3848891,9.0405539
Sant'Agostino,Emilia-Romagna,44.792274,11.388208
Zelarino,Veneto,45.5144331,12.2087313
Nals,Trentino-South Tyrol,46.5434871,11.2046272
Capolago,Lombardy,45.7936297,8.8096689
Sernaglia della Battaglia,Veneto,45.8747312,12.1331619
Palazzolo sull'Oglio,Lombardy,45.5990687,9.8849665
Tavarnelle Val di Pesa,Tuscany,43.5611665,11.1730035
Marzocca,Marche,43.6771367,13.2883479
Pieve di Cento,Emilia-Romagna,44.7132091,11.3065981
Spoleto,Umbria,42.7342971,12.7382035
Villa di Chiavenna,Lombardy,46.3310232,9.4894492
Dossobuono,Veneto,45.3961961,10.9129306
Rivalta Trebbia,Emilia-Romagna,44.9523277,9.5865686
Massa Lubrense,Campania,40.6117381,14.3434239
Cuorgnè,Piedmont,45.3897204,7.6498168
Montescudaio,Tuscany,43.3262785,10.6269946
Casole d'Elsa,Tuscany,43.3404198,11.043016
Rieti,Lazio,42.41473635,12.885888076510067
Varzi,Lombardy,44.8235397,9.1969039
Morciano di Romagna,Emilia-Romagna,43.913748,12.6460672
Jesolo,Veneto,45.5367094,12.6383337
Desenzano del Garda,Lombardy,45.4694851,10.5389467
Santo Stefano Belbo,Piedmont,44.7077401,8.2307306
Aldino,Trentino-South Tyrol,46.3686753,11.3543243
Trofarello,Piedmont,44.983646,7.745225
Marlengo,Trentino-South Tyrol,46.6556318,11.1405342
Barzago,Lombardy,45.755479,9.314244
Termeno sulla Strada del Vino,Trentino-South Tyrol,46.3415121,11.2422716
Guardiagrele,Abruzzo,42.1954758,14.2197122
San Genesio Atesino,Trentino-South Tyrol,46.5350348,11.3313839
Trezzano sul Naviglio,Lombardy,45.4182125,9.0710538
Noventa,Veneto,45.2906283,11.5398835
Santa Maria del Monte,Lombardy,45.8604041,8.7926234
Ponte San Pietro,Lombardy,45.6977541,9.5872254
Vipiteno,Trentino-South Tyrol,46.8963235,11.4319398
Serravalle Langhe,Piedmont,44.559239,8.058639
Pellio Intelvi,Lombardy,45.980045,9.0588696
Vibo Valentia Marina,Calabria,38.7171569,16.122789
Pigna,Liguria,43.9327142,7.6633135
Suvereto,Tuscany,43.079015,10.6786806
Randazzo,Sicily,37.8779338,14.9462478
Tirol,Trentino-South Tyrol,46.6911008,11.1542233
Cortina Vecchia,Emilia-Romagna,43.960057,11.8056519
Mercenasco,Piedmont,45.3571822,7.8823593
Velo,Veneto,45.7722838,11.5613663
Moniga del Garda,Lombardy,45.528523,10.5375734
Vigevano,Lombardy,45.3170942,8.858603
Vetrego,Veneto,45.4568006,12.1010591
Reggio Calabria,Calabria,38.1035389,15.6397556
Quartiere di Portomaggiore,Emilia-Romagna,44.7120376,11.7571789
Erbusco,Lombardy,45.5984995,9.9722164
Rastignano,Emilia-Romagna,44.4432645,11.3574545
Fagnano,Veneto,45.2593287,10.9414771
Pianiga,Veneto,45.4560955,12.0301727
Piazza Armerina,Sicily,37.385946,14.367174
Oderzo,Veneto,45.7833709,12.4937783
Lacco Ameno,Campania,40.7509699,13.8900602
Ovada,Piedmont,44.638346,8.64525
Marina di Bibbona,Tuscany,43.2440304,10.5327311
Salgareda,Veneto,45.704123,12.4925871
Monastier di Treviso,Veneto,45.6500759,12.4337702
Varigotti,Liguria,44.1824374,8.3953613
Molini,Trentino-South Tyrol,46.817873,11.8479602
Morimondo,Lombardy,45.3524418,8.9548111
Bigolino,Veneto,45.8685885,12.0127676
Manoppello Scalo,Abruzzo,42.3069988,14.0611891
Tisens,Trentino-South Tyrol,46.5638983,11.1694971
Marano Lagunare,Friuli-Venezia Giulia,45.7649931,13.1675011
Mosciano Sant'Angelo,Abruzzo,42.7493491,13.8880309
Tigliole,Piedmont,44.886952,8.0753546
Somma Lombardo,Lombardy,45.6836207,8.7070874
Crandola Valsassina,Lombardy,46.0228917,9.378763
Postal,Trentino-South Tyrol,46.6075829,11.1933244
Limone Piemonte,Piedmont,44.202726,7.576336
Ne,Liguria,44.3519258,9.4402573
Galeata,Emilia-Romagna,43.9966629,11.9120062
Valmadrera,Lombardy,45.846282,9.358244
San Salvo Marina,Abruzzo,42.0710852,14.7684349
Rognano,Lombardy,45.2877916,9.0898708
San Giorgio della Richinvelda,Friuli-Venezia Giulia,46.0453055,12.8679995
Torre del Greco,Campania,40.7879211,14.3682813
Montemarciano,Tuscany,43.5880089,11.6106794
Asola,Lombardy,45.2211195,10.4130654
Castelfranco Emilia,Emilia-Romagna,44.5949319,11.0528375
Porto Azzurro,Tuscany,42.7662978,10.3957529
Pudiano,Lombardy,45.3992432,10.0084067
Vello,Lombardy,45.7538277,10.0824156
Malcesine,Veneto,45.7643442,10.8100598
Lesa,Piedmont,45.829644,8.5648573
Novafeltria,Emilia-Romagna,43.8957266,12.2903985
San Bonifacio,Veneto,45.3956425,11.2700817
Lido di Camaiore,Tuscany,43.8948357,10.2302866
Massa,Tuscany,44.0359323,10.1395519
Manciano,Tuscany,42.5872822,11.5157197
Montone,Umbria,43.3623727,12.3264425
Lesina,Apulia,41.8619097,15.3532657
Levizzano Rangone,Emilia-Romagna,44.48606,10.9076781
Stromboli,Sicily,38.791796250000004,15.211175249544858
Putignano,Apulia,40.8492021,17.1226371
Galluzzo,Tuscany,43.7361018,11.2252832
Corrubbio,Veneto,45.4762663,11.2549782
Romano d'Ezzelino,Veneto,45.7962374,11.7583907
Fara Filiorum Petri,Abruzzo,42.2490311,14.1861364
Montepagano,Abruzzo,42.6776944,13.9887744
Carloforte,Sardinia,39.1426981,8.3026639
Orbassano,Piedmont,45.0072629,7.5369192
Ravalle,Emilia-Romagna,44.9280691,11.5105052
Crispiano,Apulia,40.6052497,17.2313031
Revigliasco,Piedmont,45.0187223,7.735651
Cervia,Emilia-Romagna,44.2609836,12.3495462
San Vito lo Capo,Sicily,38.172347,12.734932
San Zeno di Montagna,Veneto,45.6314451,10.7254491
Santa Vittoria d'Alba,Piedmont,44.698641,7.937334
Recorfano,Lombardy,45.1036904,10.3451948
Marina di Pisa,Tuscany,43.6724218,10.2727668
San Donà di Piave,Veneto,45.6294811,12.5641057
Teglio,Lombardy,46.172675,10.0641264
Melfi,Basilicata,40.9961268,15.6556545
Sansepolcro,Tuscany,43.5700776,12.1403766
Maratea,Basilicata,39.9931029,15.723124
Paradiso di Pocenia,Friuli-Venezia Giulia,45.867906,13.146269
Crema,Lombardy,45.362828,9.6874573
Mirano,Veneto,45.4927695,12.1098768
Quarto d'Altino,Veneto,45.5804512,12.3705001
Palmi,Calabria,38.3574488,15.8465649
Priocca,Piedmont,44.7871846,8.0616451
Osio Sotto,Lombardy,45.616078,9.589053
San Maurizio Canavese,Piedmont,45.2166755,7.6312409
Palau,Sardinia,41.1810758,9.3820424
Mantello,Lombardy,46.1522359,9.4885023
Traversella,Piedmont,45.508458,7.749415
Lampedusa,Sicily,35.511134150000004,12.59629135962961
Pastrengo,Veneto,45.492457,10.7997129
Cervesina,Lombardy,45.061259,9.016151
Villa San Giovanni,Calabria,38.2180591,15.638486
Labico,Lazio,41.789519,12.880888
Ghirlanda,Tuscany,43.057509,10.9014668
Marlia,Tuscany,43.8919517,10.5548336
Monteu Roero,Piedmont,44.7806865,7.9311892
Marina di Arbus,Sardinia,39.6190572,8.50818721459197
Vallo della Lucania,Campania,40.229704,15.26576
Besenzone,Emilia-Romagna,44.987157,9.9535782
Gargnano,Lombardy,45.688138,10.6635006
Sant'Agata sui Due Golfi,Campania,40.6070492,14.3732936
Vallesaccarda,Campania,41.0627598,15.2517835
Ranco,Lombardy,45.7975913,8.5711349
Mazzorbo,Veneto,45.486291300000005,12.408474410998355
Taranto,Apulia,40.54881555,17.08058012454743
Vinci,Tuscany,43.7873966,10.9271055
Mercato San Severino,Campania,40.7833028,14.7557276
Marina di Pulsano,Apulia,40.3530128,17.365016
Todi,Umbria,42.7824434,12.4062554
San Paolo d'Argon,Lombardy,45.6885572,9.8040661
Trequanda,Tuscany,43.1889394,11.6673852
Lecco,Lombardy,45.9005485,9.41202482143963
San Severo,Apulia,41.6897761,15.3776211
Burano,Veneto,45.485376599999995,12.417520773688814
Nerviano,Lombardy,45.5536472,8.970719
San Desiderio,Liguria,44.4224152,9.0128829
Manduria,Apulia,40.401825,17.633511
Nocera Superiore,Campania,40.7415603,14.6715039
Le Ferriere,Lazio,41.5150688,12.7552928
Cutigliano,Tuscany,44.1000536,10.7557252
Soiano del Lago,Lombardy,45.527784,10.512675
San Vigilio,Lombardy,45.6081203,10.1939822
San Giovanni al Natisone,Friuli-Venezia Giulia,45.9779201,13.4010809
Lido di Jesolo,Veneto,45.5033028,12.6324412
Magliano Sabina,Lazio,42.3613571,12.4811695
Fermo,Marche,43.0922489,13.638768067263769
Racale,Apulia,39.963119,18.093826
San Pancrazio,Emilia-Romagna,44.3593475,12.0785001
Bagnolo,Veneto,45.272603,10.8922006
Pegli,Liguria,44.4271613,8.8149219
Grumello del Monte,Lombardy,45.637181,9.876759
Cetara,Campania,40.6482139,14.7004154
Reggio Emilia,Emilia-Romagna,44.6086674,10.594066675914796
Argelato,Emilia-Romagna,44.64157,11.34781
Lusia,Veneto,45.1005351,11.6627796
Popoli,Abruzzo,42.1713106,13.832817
Tricesimo,Friuli-Venezia Giulia,46.1605618,13.2125359
Mortegliano,Friuli-Venezia Giulia,45.9458064,13.1727963
Pantelleria,Sicily,36.8314576,11.9450395
Porto Ercole,Tuscany,42.3959698,11.2025043
Quistello,Lombardy,45.0065791,10.9804599
Col San Martino,Veneto,45.8944326,12.0857457
Cioccaro,Piedmont,45.0256209,8.2710131
Paderno del Grappa,Veneto,45.8281156,11.8577234
Fontanafredda,Friuli-Venezia Giulia,45.9733967,12.5691228
Spirano,Lombardy,45.582078,9.668856
Monfalcone,Friuli-Venezia Giulia,45.8049454,13.5330592
San Michele al Tagliamento,Veneto,45.7651506,12.9952302
Santa Maria Annunziata,Campania,40.17904785,15.024746474749637
Nizza Monferrato,Piedmont,44.7733095,8.353709
Pomezia,Lazio,41.667529,12.5047863
Termini Imerese,Sicily,37.983651,13.695554
Santa Maria di Sala,Veneto,45.5050934,12.0339862
Lavagna,Liguria,44.3121536,9.3417059
Gambolò,Lombardy,45.2590302,8.8590602
Lezzeno,Lombardy,45.9450751,9.1941117
Villandro,Trentino-South Tyrol,46.6329339,11.5401011
Savogna d'Isonzo,Friuli-Venezia Giulia,45.9058822,13.5748641
Valmontone,Lazio,41.7769071,12.9177029
Sarturano,Emilia-Romagna,44.9745158,9.5091518
San Vito Chietino,Abruzzo,42.296042,14.444515
Gaiole in Chianti,Tuscany,43.4682951,11.4342003
Sanluri,Sardinia,39.562642,8.898636
Civitavecchia,Lazio,42.0937524,11.7922462
Marina di Grosseto,Tuscany,42.71785,10.9810013
Viagrande,Sicily,37.6101657,15.0967587
Blevio,Lombardy,45.8399418,9.1024697
Torregrotta,Sicily,38.1916373,15.3524394
Pizzo Calabro,Calabria,38.7356749,16.1622949
Catanzaro,Calabria,38.82996034999999,16.43155687627833
Soverato,Calabria,38.687717,16.5500442
Mondovì,Piedmont,44.3900282,7.8204718
Castel Mella,Lombardy,45.4995922,10.1450083
Sulmona,Abruzzo,42.0474231,13.927011
San Giorgio di Valpolicella,Veneto,45.5354843,10.8495646
Ruffano,Apulia,39.9840916,18.2474756
Vintl,Trentino-South Tyrol,46.8758184,11.72086444217766
Fornace,Trentino-South Tyrol,46.6763971,11.793123385226288
Perignano,Tuscany,43.6049342,10.5896917
Suzzara,Lombardy,44.991873,10.74309
Caprino Veronese,Veneto,45.6059385,10.7951325
Panzano,Tuscany,43.4511713,11.6019628
Giulianova,Abruzzo,42.7534856,13.9667011
Cusago,Lombardy,45.447848,9.0345128
Minervino Murge,Apulia,41.0850517,16.0777763
Follonica,Tuscany,42.926326,10.761625
Sorisole,Lombardy,45.7445793,9.6611952
Lignano Sabbiadoro,Friuli-Venezia Giulia,45.690161,13.1407655
Lancenigo,Veneto,45.7135258,12.2734742
Ponte a Moriano,Tuscany,43.909968,10.5292866
Rivergaro,Emilia-Romagna,44.9102508,9.5965212
Venaria Reale,Piedmont,45.1348114,7.6268658
Viceno,Piedmont,46.2303328,8.306971
Trecchina,Basilicata,40.0256576,15.7767873
Illasi,Veneto,45.4659334,11.1800214
Peschici,Apulia,41.9469256,16.0147884
Capannori,Tuscany,43.8420391,10.5735254
Moirago,Lombardy,45.3693259,9.1374907
Induno Olona,Lombardy,45.8524484,8.839608
Albairate,Lombardy,45.4211259,8.9381357
Pedraces,Trentino-South Tyrol,46.6094709,11.8936604
Appignano,Marche,43.3637323,13.3465961
Passignano,Tuscany,43.5772811,11.24771157870555
San Remo,Liguria,43.8139928,7.7697497
Lama Mocogno,Emilia-Romagna,44.3072628,10.7317768
Montaldo Scarampi,Piedmont,44.830345,8.2590523
Somma Vesuviana,Campania,40.8716147,14.4361417
Crotone,Calabria,39.1873894,16.87828188895307
Rivisondoli,Abruzzo,41.8708957,14.0674295
Saturnia,Tuscany,42.6652237,11.5049888
Foiana,Trentino-South Tyrol,46.5889585,11.1471266
Menfi,Sicily,37.606639,12.967843
Santa Reparata,Sardinia,41.2296346,9.167466521078342
Pagazzano,Lombardy,45.534277,9.671157
Limone sul Garda,Lombardy,45.8141194,10.7915786
Alserio,Lombardy,45.7791026,9.1995294
Augusta,Sicily,37.2369363,15.2196575
Sizzano,Piedmont,45.577467,8.437329
Pescocostanzo,Abruzzo,41.88633,14.065612
Pontelongo,Veneto,45.2454887,12.0251829
Oneglia,Liguria,43.8890575,8.0404426
Ruda,Friuli-Venezia Giulia,45.8382313,13.4019302
San Giustino Valdarno,Tuscany,43.5513894,11.7028581
Ospedaletto d'Alpinolo,Campania,40.9386714,14.7439343
Seggiano,Tuscany,42.928832,11.558242
Grottaferrata,Lazio,41.788616,12.6667408
