city,region,latitude,longitude
Genoa,Liguria,44.40726,8.9338624
Naples,Campania,40.8358846,14.2487679
Paestum,Campania,40.4216783,15.0148832
Ortisei,Trentino-South Tyrol,46.5752077,11.6721382
Gardone Riviera,Lombardy,45.6187853,10.5591005
Varese,Lombardy,45.839720299999996,8.754133838056571
Ticciano,Campania,40.6453842,14.4539381
Pompei,Campania,40.7491267,14.5006415
Verona,Veneto,45.442497700000004,10.985737689444763
Rome,Lazio,41.8933203,12.4829321
Florence,Tuscany,43.7697955,11.2556404
Treia,Marche,43.310556,13.311475
Livigno,Lombardy,46.5381734,10.1359928
Milan,Lombardy,45.4641943,9.1896346
Valdieri,Piedmont,44.277626,7.397631
Rapallo,Liguria,44.3511473,9.229671
Sorrento,Campania,40.624906,14.374836
Treviso,Veneto,45.806691349999994,12.206315763116372
Pallanza,Piedmont,45.9230169,8.5497586
San Michele,Trentino-South Tyrol,46.455274,11.25912
San Michele,Trentino-South Tyrol,46.455274,11.25912
Rome,Lazio,41.8933203,12.4829321
Imola,Emilia-Romagna,44.3535145,11.7141233
Olevano Romano,Lazio,41.860621,13.03309
Godia,Friuli-Venezia Giulia,46.1015985,13.2643678
Spoltore,Abruzzo,42.4552037,14.1406198
Greve in Chianti,Tuscany,43.5824597,11.3168731
Ponza,Lazio,40.8932368,12.9630622
Milan,Lombardy,45.4641943,9.1896346
Turin,Piedmont,45.0677551,7.6824892
Mortara,Lombardy,45.2518433,8.7377449
Milan,Lombardy,45.4641943,9.1896346
Maranello,Emilia-Romagna,44.5255217,10.8663607
Guarene,Piedmont,44.7394863,8.0348361
Lonigo,Veneto,45.3881155,11.38799
Suna,Piedmont,45.9312024,8.5409253
Roncade,Veneto,45.6279075,12.3747797
Vittorio Veneto,Veneto,45.9896648,12.2964361
Squille,Campania,41.1558165,14.4327989
Castel di Sangro,Abruzzo,41.7842727,14.1080639
Formello,Lazio,42.082521,12.400273
Bolgheri,Tuscany,43.2340065,10.6179334
Terrasini,Sicily,38.1528221,13.0821216
Turin,Piedmont,45.0677551,7.6824892
Marina del Cantone,Campania,40.5834446,14.3552271
Verona,Veneto,45.442497700000004,10.985737689444763
Milan,Lombardy,45.4641943,9.1896346
Brescia,Lombardy,45.77958045,10.4258729694612
Caltanissetta,Sicily,37.4899412,14.0631618
Milan,Lombardy,45.4641943,9.1896346
Milan,Lombardy,45.4641943,9.1896346
Rome,Lazio,41.8933203,12.4829321
Como,Lombardy,45.939475900000005,9.149410132545793
Villar Dora,Piedmont,45.114646,7.383515
Contigliano,Lazio,42.4093586,12.7665388
Noci,Apulia,40.7946798,17.1235566
Monforte d'Alba,Piedmont,44.582438,7.969637
Furore,Campania,40.6189356,14.548136940664227
Lodi,Lombardy,45.2613104,9.491678060021837
Milan,Lombardy,45.4641943,9.1896346
Spilimbergo,Friuli-Venezia Giulia,46.1113355,12.9016287
Turin,Piedmont,45.0677551,7.6824892
Milan,Lombardy,45.4641943,9.1896346
Rome,Lazio,41.8933203,12.4829321
Florence,Tuscany,43.7697955,11.2556404
Ostuni,Apulia,40.727631,17.576406
Arco,Trentino-South Tyrol,,
Iseo,Lombardy,45.6598202,10.048788
Sorrento,Campania,40.624906,14.374836
Nettuno,Lazio,41.4575382,12.661425
Monterotondo,Lazio,42.0517987,12.6183967
Milazzo,Sicily,38.2208049,15.2415129
Turin,Piedmont,45.0677551,7.6824892
Rome,Lazio,41.8933203,12.4829321
Padua,Veneto,45.4077172,11.8734455
Amalfi,Campania,40.63367,14.6026095
Parma,Emilia-Romagna,44.6952006,10.097986896904466
Lucera,Apulia,41.5082727,15.3376465
Noli,Liguria,44.2058832,8.416419
Castelnuovo Berardenga,Tuscany,43.3455237,11.5018883
Castelnuovo Berardenga,Tuscany,43.3455237,11.5018883
Breuil Cervinia,Aosta Valley,45.9356034,7.6304397
Orta San Giulio,Piedmont,45.7980814,8.406951
Peschiera del Garda,Veneto,45.4389454,10.6920171
Asiago,Veneto,45.8753771,11.5106998
Cerreto Guidi,Tuscany,43.7589215,10.879013
Vicenza,Veneto,45.63485905,11.40635425660249
Dolegna del Collio,Friuli-Venezia Giulia,46.031323,13.4793349
Bologna,Emilia-Romagna,44.4938203,11.3426327
Schio,Veneto,45.7113511,11.3553593
Florence,Tuscany,43.7697955,11.2556404
Genoa,Liguria,44.40726,8.9338624
Bologna,Emilia-Romagna,44.4938203,11.3426327
Rome,Lazio,41.8933203,12.4829321
Amalfi,Campania,40.63367,14.6026095
Milan,Lombardy,45.4641943,9.1896346
Catania,Sicily,37.5023612,15.0873718
Marzamemi,Sicily,36.7418376,15.1176543
Cerretto Langhe,Piedmont,44.574839,8.09794
Capri,Campania,40.5488429,14.228370814497762
Milan,Lombardy,45.4641943,9.1896346
Gallarate,Lombardy,45.6598951,8.7932013
Mandello del Lario,Lombardy,45.919183,9.319341
Corvara in Badia,Trentino-South Tyrol,46.5495743,11.8740339
Amalfi,Campania,40.63367,14.6026095
Montù Beccaria,Lombardy,45.0369456,9.3155381
Florence,Tuscany,43.7697955,11.2556404
Montallegro,Sicily,37.392939,13.350753
Vicenza,Veneto,45.63485905,11.40635425660249
Polignano a Mare,Apulia,40.9944463,17.2224879
Naples,Campania,40.8358846,14.2487679
Voghera,Lombardy,44.9926704,9.0086667
Bibbiena,Tuscany,43.6955475,11.817341
Sasso Marconi,Emilia-Romagna,44.3996319,11.247554
Treviglio,Lombardy,45.5217245,9.5931485
Stradella,Lombardy,45.0773563,9.2950171
Naples,Campania,40.8358846,14.2487679
Lenna,Lombardy,45.9439828,9.6786963
Mestre,Veneto,45.4943063,12.2418053
Fondo,Trentino-South Tyrol,46.49621805790679,11.168970314109487
San Benedetto del Tronto,Marche,42.9525328,13.8807144
Brennero,Trentino-South Tyrol,47.0037399,11.5047991
Grottammare,Marche,42.9904967,13.8687605
Fano,Marche,43.8424173,13.0146632
Melizzano,Campania,41.1605703,14.5053103
Castiglione delle Stiviere,Lombardy,45.3896766,10.4888745
Casteggio,Lombardy,45.0141141,9.1235778
Forio,Campania,40.7368416,13.8581354
Forio,Campania,40.7368416,13.8581354
Pozzolo Formigaro,Piedmont,44.7951536,8.7848493
Sutri,Lazio,42.247023,12.215067
Fiumicino,Lazio,41.7712145,12.2278855
Montopoli in Val d'Arno,Tuscany,43.6702986,10.7608316
Riola Sardo,Sardinia,39.9941018,8.5386732
San Marzano di San Giuseppe,Apulia,40.454425,17.505607
Santa Marina Salina,Sicily,38.56117,14.870772
Marina di Ragusa,Sicily,36.7839507,14.5544944
San Michele,Trentino-South Tyrol,46.455274,11.25912
Rivarolo Canavese,Piedmont,45.3320235,7.7230498
Peschiera Borromeo,Lombardy,45.4318465,9.311479
Montalcino,Tuscany,43.0575578,11.4902818
Ferrara,Emilia-Romagna,44.766764249999994,11.827938995640167
Cagliari,Sardinia,39.2171994,9.113311
Pettenasco,Piedmont,45.8171622,8.4087011
Monforte d'Alba,Piedmont,44.582438,7.969637
Rimini,Emilia-Romagna,43.946543250000005,12.630749019254939
San Mauro a Mare,Emilia-Romagna,44.1631101,12.4466459
Carpi,Emilia-Romagna,44.7835699,10.8854523
Torriana,Emilia-Romagna,43.9858,12.385382
Pennabilli,Emilia-Romagna,43.8170539,12.265276
Padenghe sul Garda,Lombardy,45.509584,10.506376
Ponte di Legno,Lombardy,46.258603,10.508662
Misano Adriatico,Emilia-Romagna,43.9774954,12.6986947
Panicale,Umbria,43.0290588,12.0983637
Stresa,Piedmont,45.8837277,8.5390268
Ferrara,Emilia-Romagna,44.766764249999994,11.827938995640167
La Morra,Piedmont,44.6384797,7.9325818
Rimini,Emilia-Romagna,43.946543250000005,12.630749019254939
Sirmione,Lombardy,45.4688494,10.6078237
Sarre,Aosta Valley,45.7167983,7.2591539
Naples,Campania,40.8358846,14.2487679
Rome,Lazio,41.8933203,12.4829321
Livigno,Lombardy,46.5381734,10.1359928
Rome,Lazio,41.8933203,12.4829321
Modena,Emilia-Romagna,44.5384728,10.935960870530739
Trebaseleghe,Veneto,45.5918117,12.0509986
Pompei,Campania,40.7491267,14.5006415
Esine,Lombardy,45.9258392,10.2508308
Galliate,Piedmont,45.4782672,8.6969031
Cagliari,Sardinia,39.2171994,9.113311
Ravello,Campania,40.6496643,14.6122753
Rome,Lazio,41.8933203,12.4829321
Rome,Lazio,41.8933203,12.4829321
Algund,Trentino-South Tyrol,46.6825194,11.1230691
Rho,Lombardy,45.528878,9.04156
Terni,Umbria,42.6539486,12.439652829139407
Prato,Tuscany,43.935718050000006,11.09414726770089
Trani,Apulia,41.275088,16.4162585
Turin,Piedmont,45.0677551,7.6824892
Montebenichi,Tuscany,43.405625,11.5443441
Cortina d'Ampezzo,Veneto,46.5383332,12.1373506
Noto,Sicily,36.8908864,15.0706454
Rubiera,Emilia-Romagna,44.6532007,10.781081
Palazzo San Gervasio,Basilicata,40.931324,15.980767
Pietra Ligure,Liguria,44.152931,8.286552
Monterosso al Mare,Liguria,44.1465216,9.6555583
Ischia,Campania,40.734205,13.947125
Matera,Basilicata,40.447641899999994,16.47357384028852
Modica,Sicily,36.8589209,14.7613018
Carpi,Emilia-Romagna,44.7835699,10.8854523
Sant'Omobono Terme,Lombardy,45.8116872,9.5359629
Cagliari,Sardinia,39.2171994,9.113311
Modena,Emilia-Romagna,44.5384728,10.935960870530739
Malo,Veneto,45.660296,11.407493
Genoa,Liguria,44.40726,8.9338624
San Quirino,Friuli-Venezia Giulia,46.0361673,12.6800395
Grazie,Lombardy,45.1551648,10.693944
Forte dei Marmi,Tuscany,43.9595891,10.1699392
Monsummano Terme,Tuscany,43.8707438,10.8140162
Gabicce Monte,Marche,43.964191,12.7734292
Magliano Alfieri,Piedmont,44.769244,8.070136
Scorzè,Veneto,45.5713541,12.108383
Sestri Ponente,Liguria,44.4249254,8.8499031
Venice,Veneto,45.4371908,12.3345898
Vieste,Apulia,41.8827595,16.1791791
Milan,Lombardy,45.4641943,9.1896346
Corvara in Badia,Trentino-South Tyrol,46.5495743,11.8740339
Palermo,Sicily,38.1112268,13.3524434
Monza,Lombardy,45.6395418,9.278830418070044
Poggiridenti,Lombardy,46.1756616,9.9262461
Olbia,Sardinia,40.9232659,9.5027442
Florence,Tuscany,43.7697955,11.2556404
Taormina,Sicily,37.8512218,15.2830191
Gavi,Piedmont,44.687649,8.809353
Positano,Campania,40.6286581,14.4854955
Viareggio,Tuscany,43.8672392,10.2506055
Rome,Lazio,41.8933203,12.4829321
Rome,Lazio,41.8933203,12.4829321
Trento,Trentino-South Tyrol,46.6438496,12.3837697
Badia,Trentino-South Tyrol,46.610124,11.893487
Porto San Giorgio,Marche,43.1826562,13.7933863
Macerata,Marche,43.15297805,13.150882217502017
Colle,Trentino-South Tyrol,46.5480245,11.3451999
Cesenatico,Emilia-Romagna,44.1999283,12.3969692
Sorrento,Campania,40.624906,14.374836
Sarentino,Trentino-South Tyrol,46.69535665,11.387392520694535
Andora,Liguria,43.9519286,8.1456487
Pozzuoli,Campania,40.822643,14.1219109
Oggiono,Lombardy,45.79188,9.346745
Savona,Liguria,44.2334238,8.252572737021062
Giarre,Sicily,37.726857,15.187688
Cefalu,Sicily,38.034957,14.0244562
Chieri,Piedmont,45.0138842,7.8223544
Tropea,Calabria,38.6752674,15.8948507
Porto Rotondo,Sardinia,41.0283101,9.5477055
Val Liona,Veneto,45.410202,11.4720786
Rome,Lazio,41.8933203,12.4829321
Viareggio,Tuscany,43.8672392,10.2506055
Vico Equense,Campania,40.6623446,14.4264683
Porto San Paolo,Sardinia,40.8763052,9.6294901
Brescia,Lombardy,45.77958045,10.4258729694612
Este,Veneto,45.2240069,11.659796
Rome,Lazio,41.8933203,12.4829321
Rome,Lazio,41.8933203,12.4829321
Rome,Lazio,41.8933203,12.4829321
Lido di Savio,Emilia-Romagna,44.3101326,12.3430734
Polesine Parmense,Emilia-Romagna,45.018108,10.0881543
Oliena,Sardinia,40.27226,9.403036
Roseto degli Abruzzi,Abruzzo,42.677577,14.0144636
Rovato,Lombardy,45.5670385,9.9986008
Turin,Piedmont,45.0677551,7.6824892
Florence,Tuscany,43.7697955,11.2556404
Milan,Lombardy,45.4641943,9.1896346
Pollenzo,Piedmont,44.6828984,7.8948821
Turin,Piedmont,45.0677551,7.6824892
Oppeano,Veneto,45.3062139,11.1823399
Glorenza,Trentino-South Tyrol,46.6714924,10.5539127
Domodossola,Piedmont,46.1152451,8.2920459
Asti,Piedmont,44.826012649999996,8.202686328987273
Pompei,Campania,40.7491267,14.5006415
Naples,Campania,40.8358846,14.2487679
Chies d'Alpago,Veneto,46.1653278,12.3924722
Turin,Piedmont,45.0677551,7.6824892
Castagnito d'Alba,Piedmont,44.76025808046911,8.014112416201144
San Casciano in Val di Pesa,Tuscany,43.6569596,11.1856679
Taormina,Sicily,37.8512218,15.2830191
Ravello,Campania,40.6496643,14.6122753
Brusciano,Campania,40.923212,14.423933
Isera,Trentino-South Tyrol,,
Viareggio,Tuscany,43.8672392,10.2506055
Milan,Lombardy,45.4641943,9.1896346
Milan,Lombardy,45.4641943,9.1896346
Corciano,Umbria,43.1290269,12.287718
Puegnago sul Garda,Lombardy,45.56938895,10.510107562189347
Cernobbio,Lombardy,45.8413945,9.0759048
Rome,Lazio,41.8933203,12.4829321
Lavello,Basilicata,,
Casale Monferrato,Piedmont,45.1362661,8.4498127
Rome,Lazio,41.8933203,12.4829321
Pizzighettone,Lombardy,45.1868847,9.7824836
Bassano del Grappa,Veneto,45.7669109,11.7343469
Madonna di Senales,Trentino-South Tyrol,46.722537,10.858376644500439
Lucca,Tuscany,44.017763900000006,10.454430026192636
Rho,Lombardy,45.528878,9.04156
Bologna,Emilia-Romagna,44.4938203,11.3426327
Rome,Lazio,41.8933203,12.4829321
Teramo,Abruzzo,42.65811795,13.69787458752063
Arezzo,Tuscany,43.51714415,11.763928194732205
Milan,Lombardy,45.4641943,9.1896346
Rivanazzano Terme,Lombardy,44.9307667,9.014159
San Marzano Oliveto,Piedmont,44.7540212,8.2957567
Mira,Veneto,45.41199655,12.194210690028111
Coriano,Emilia-Romagna,43.965186,12.602374
Ravenna,Emilia-Romagna,44.364060699999996,12.059009490863945
Buttrio,Friuli-Venezia Giulia,46.010421,13.333831
Salò,Lombardy,45.6056775,10.520069
Deruta,Umbria,42.98229,12.4195878
Carrara,Tuscany,44.0771026,10.096726
Porto San Giorgio,Marche,43.1826562,13.7933863
Cima,Lombardy,46.0249137,9.090261
Cavour,Piedmont,44.7854988,7.3738413
Pozza di Fassa,Trentino-South Tyrol,,
Saludecio,Emilia-Romagna,43.8726846,12.6685074
Catania,Sicily,37.5023612,15.0873718
Santa Maria di Castellabate,Campania,40.2855627,14.947901
Rapolano Terme,Tuscany,43.2865495,11.6044699
Seregno,Lombardy,45.649723,9.2053999
Montecalvo Versiggia,Lombardy,44.971268,9.2855415
Genoa,Liguria,44.40726,8.9338624
Como,Lombardy,45.939475900000005,9.149410132545793
Teramo,Abruzzo,42.65811795,13.69787458752063
Aosta,Aosta Valley,45.7370885,7.3196649
Finale Emilia,Emilia-Romagna,44.834574,11.293905
Verona,Veneto,45.442497700000004,10.985737689444763
Milan,Lombardy,45.4641943,9.1896346
Montoro,Campania,40.8328763,14.7917765
Trani,Apulia,41.275088,16.4162585
Baronissi,Campania,40.7469385,14.7699874
Venice,Veneto,45.4371908,12.3345898
Cortina d'Ampezzo,Veneto,46.5383332,12.1373506
Varallo,Piedmont,45.8137306,8.2592113
Varenna,Lombardy,46.0099785,9.2831593
Colle di Val d'Elsa,Tuscany,43.4226455,11.126394
Lipari,Sicily,38.4681846,14.9547202
Castel San Pietro Terme,Emilia-Romagna,44.4012699,11.5854987
Passignano sul Trasimeno,Umbria,43.1847425,12.136838
Montepulciano,Tuscany,43.0945279,11.7826795
Telese,Campania,41.2164141,14.5270004
Turin,Piedmont,45.0677551,7.6824892
San Giorgio del Sannio,Campania,41.0619659,14.8538405
Nibbiaia,Tuscany,43.4639716,10.4168107
Milan,Lombardy,45.4641943,9.1896346
Romeno,Trentino-South Tyrol,,
Robbiate,Lombardy,45.6911341,9.4413225
Castiglione della Pescaia,Tuscany,42.7639301,10.8790917
Fano,Marche,43.8424173,13.0146632
Bacoli,Campania,40.7966129,14.0777834
Amalfi,Campania,40.63367,14.6026095
Soprabolzano,Trentino-South Tyrol,46.5295495,11.4063468
Piombino,Tuscany,42.9231662,10.5268192
Milan,Lombardy,45.4641943,9.1896346
Milan,Lombardy,45.4641943,9.1896346
Rome,Lazio,41.8933203,12.4829321
Naples,Campania,40.8358846,14.2487679
Passignano sul Trasimeno,Umbria,43.1847425,12.136838
Pescara,Abruzzo,42.3102619,13.95759010584892
Licata,Sicily,37.1016426,13.9376618
Assisi,Umbria,43.0711952,12.6146669
Bergamo,Lombardy,45.756655699999996,9.754219200862249
Milan,Lombardy,45.4641943,9.1896346
Milan,Lombardy,45.4641943,9.1896346
Sirmione,Lombardy,45.4688494,10.6078237
Moena,Trentino-South Tyrol,,
Rubiera,Emilia-Romagna,44.6532007,10.781081
Palermo,Sicily,38.1112268,13.3524434
Castel di Sangro,Abruzzo,41.7842727,14.1080639
Pordenone,Friuli-Venezia Giulia,45.9562503,12.6597197
Montecchio Precalcino,Veneto,45.665781,11.563302
Padua,Veneto,45.4077172,11.8734455
Rimini,Emilia-Romagna,43.946543250000005,12.630749019254939
Fano,Marche,43.8424173,13.0146632
Canazei,Trentino-South Tyrol,,
Venice,Veneto,45.4371908,12.3345898
Rome,Lazio,41.8933203,12.4829321
Venice,Veneto,45.4371908,12.3345898
Apricena,Apulia,41.783938,15.443744
Pieve di Coriano,Lombardy,45.0337994,11.1082525
Senorbì,Sardinia,39.535044,9.130141
Monselice,Veneto,45.2417684,11.7508534
Trieste,Friuli-Venezia Giulia,45.6496485,13.7772781
Nova Levante,Trentino-South Tyrol,46.4302623,11.5389153
Treiso,Piedmont,44.6891509,8.0868452
Moltrasio,Lombardy,45.874050249999996,9.091480319324706
Treviso,Veneto,45.806691349999994,12.206315763116372
Florence,Tuscany,43.7697955,11.2556404
Cagliari,Sardinia,39.2171994,9.113311
Otranto,Apulia,40.1456661,18.490757
Caiolo,Lombardy,46.149994,9.814548
Gaione,Emilia-Romagna,44.7587302,10.2881934
Montà,Piedmont,44.813644,7.957233
Turin,Piedmont,45.0677551,7.6824892
Ponte,Piedmont,46.3768507,8.4257219
Lavariano,Friuli-Venezia Giulia,45.9553207,13.2264391
Rivoli,Piedmont,45.0697151,7.5176764
Colle di Val d'Elsa,Tuscany,43.4226455,11.126394
Crevalcore,Emilia-Romagna,44.72057,11.149804
Rimini,Emilia-Romagna,43.946543250000005,12.630749019254939
Marina di Gioiosa Ionica,Calabria,38.3006628,16.3303619
Rome,Lazio,41.8933203,12.4829321
Albiate,Lombardy,45.6589901,9.2557963
Pizzo,Calabria,38.7356749,16.1622949
Rodengo Saiano,Lombardy,45.5976458,10.1094679
Cala Gonone,Sardinia,40.2820879,9.6343396
Merano,Trentino-South Tyrol,46.6695547,11.1594185
Paraggi,Liguria,44.3115731,9.208602
Bagheria,Sicily,38.079351,13.509349
Avezzano,Abruzzo,42.0347963,13.4265048
Treviglio,Lombardy,45.5217245,9.5931485
Sauris,Friuli-Venezia Giulia,46.4653657,12.7087174
Santa Cristina d'Aspromonte,Calabria,38.255372,15.970499
Venice,Veneto,45.4371908,12.3345898
Pozzolengo,Lombardy,45.4059696,10.6313729
Scorrano,Apulia,40.091623,18.299629
Rome,Lazio,41.8933203,12.4829321
Empoli,Tuscany,43.7194884,10.9458556
Barbaresco,Piedmont,44.7254469,8.0806959
Recanati,Marche,43.4035085,13.5486016
Syracuse,Sicily,37.0646139,15.2907196
Sant'Antonio Abate,Campania,40.723709,14.546538
Sciacca,Sicily,37.5064786,13.0823323
Genoa,Liguria,44.40726,8.9338624
Conca dei Marini,Campania,40.6176092,14.5725004
San Miniato,Tuscany,43.6797502,10.8500949
Porcia,Friuli-Venezia Giulia,45.946555000000004,12.601780874786431
Turin,Piedmont,45.0677551,7.6824892
Venice,Veneto,45.4371908,12.3345898
San Gimignano,Tuscany,43.4677993,11.0432115
Bolzano,Trentino-South Tyrol,46.4984781,11.3547399
Pontinia,Lazio,41.4084557,13.0443366
Gattinara,Piedmont,45.6142424,8.3711382
Florence,Tuscany,43.7697955,11.2556404
Milan,Lombardy,45.4641943,9.1896346
Modena,Emilia-Romagna,44.5384728,10.935960870530739
Syracuse,Sicily,37.0646139,15.2907196
Turin,Piedmont,45.0677551,7.6824892
Vietri sul Mare,Campania,40.6715477,14.7286002
Milan,Lombardy,45.4641943,9.1896346
Lucera,Apulia,41.5082727,15.3376465
Morrano Nuovo,Umbria,42.7703374,12.1325935
Scala,Campania,40.6536142,14.6077924
Sant' Agnello,Campania,40.630006,14.397136
Brescia,Lombardy,45.77958045,10.4258729694612
Troia,Apulia,41.363128,15.312347
Viareggio,Tuscany,43.8672392,10.2506055
Masio,Piedmont,44.869649,8.407741
Poggibonsi,Tuscany,43.4677215,11.148762
Lainate,Lombardy,45.57093,9.0270637
Sellano,Umbria,42.8883883,12.9262871
Giulianova Lido,Abruzzo,,
Treviso,Veneto,45.806691349999994,12.206315763116372
Cremolino,Piedmont,44.635945,8.585249
Sassari,Sardinia,40.7778499,8.9219725134863
Minervino di Lecce,Apulia,40.088424,18.420432
Castel Giorgio,Umbria,42.7078943,11.9793909
Genoa,Liguria,44.40726,8.9338624
Trescore Balneario,Lombardy,45.696483,9.842557
Sondrio,Lombardy,46.32336235,10.258413671017703
Naples,Campania,40.8358846,14.2487679
Milan,Lombardy,45.4641943,9.1896346
Bologna,Emilia-Romagna,44.4938203,11.3426327
Cividale del Friuli,Friuli-Venezia Giulia,46.0936233,13.4303277
Lughetto,Veneto,45.3827635,12.1290707
Ambivere,Lombardy,45.71958,9.55015
Corvara in Badia,Trentino-South Tyrol,46.5495743,11.8740339
Ceglie Messapica,Apulia,40.6460444,17.5170566
Mese,Lombardy,46.3052737,9.3803256
Albignasego,Veneto,45.347492,11.867209
Norcia,Umbria,42.7924117,13.0929279
Breuil Cervinia,Aosta Valley,45.9356034,7.6304397
Cavour,Piedmont,44.7854988,7.3738413
Capri,Campania,40.5488429,14.228370814497762
Selva Malvezzi,Emilia-Romagna,44.5559288,11.6271487
Cavaion Veronese,Veneto,45.5402927,10.7701873
Borgo Vercelli,Piedmont,45.357862,8.463033
Bagno di Romagna,Emilia-Romagna,43.8352272,11.9595985
San Nicola Manfredi,Campania,41.0717684,14.8245336
Macchie,Umbria,43.05538,12.076734
Buttrio,Friuli-Venezia Giulia,46.010421,13.333831
Pisciotta,Campania,40.108902,15.234561
Gudon,Trentino-South Tyrol,46.6488221,11.6024079
Cesenatico,Emilia-Romagna,44.1999283,12.3969692
Bologna,Emilia-Romagna,44.4938203,11.3426327
Catania,Sicily,37.5023612,15.0873718
Torbole,Trentino-South Tyrol,,
Pella,Piedmont,45.8016249,8.3847792
Frascati,Lazio,41.8082452,12.6803684
Campobasso,Molise,41.717264799999995,14.826226697820019
Ravarino,Emilia-Romagna,44.7240342,11.099811
Florence,Tuscany,43.7697955,11.2556404
Milan,Lombardy,45.4641943,9.1896346
Nettuno,Lazio,41.4575382,12.661425
Caserta,Campania,41.20351925,14.116862382970815
Borgonovo Val Tidone,Emilia-Romagna,45.014362,9.443461
Malnate,Lombardy,45.8000916,8.8781675
Genoa,Liguria,44.40726,8.9338624
Verona,Veneto,45.442497700000004,10.985737689444763
Rome,Lazio,41.8933203,12.4829321
Bologna,Emilia-Romagna,44.4938203,11.3426327
Bologna,Emilia-Romagna,44.4938203,11.3426327
Lapio,Veneto,45.4744905,11.5355517
Grezzana,Veneto,45.5185311,11.0161587
Caprarola,Lazio,42.326625,12.235766
Bologna,Emilia-Romagna,44.4938203,11.3426327
Capri Leone,Sicily,38.0858737,14.7301178
Abano Terme,Veneto,45.3603142,11.7897833
Barletta,Apulia,41.3214976,16.2868696
Assisi,Umbria,43.0711952,12.6146669
Cartosio,Piedmont,44.5918425,8.4201313
Brescia,Lombardy,45.77958045,10.4258729694612
Anzola dell'Emilia,Emilia-Romagna,44.5466843,11.1933259
Civitella Casanova,Abruzzo,42.3646066,13.8891259
Noli,Liguria,44.2058832,8.416419
Codigoro,Emilia-Romagna,44.831581,12.109524
Coloreto,Emilia-Romagna,44.7689188,10.3795728
Baldichieri d'Asti,Piedmont,44.9059484,8.0916378
Catania,Sicily,37.5023612,15.0873718
Bergamo,Lombardy,45.756655699999996,9.754219200862249
Castelnuovo Berardenga,Tuscany,43.3455237,11.5018883
Canelli,Piedmont,44.7192779,8.2871375
Bevagna,Umbria,42.9340752,12.6091209
Baveno,Piedmont,45.9089158,8.5050171
Bagnara Calabra,Calabria,38.288471,15.807795
Ragusa,Sicily,36.9256833,14.7307456
Bologna,Emilia-Romagna,44.4938203,11.3426327
Civitella del Tronto,Abruzzo,42.773446,13.672291
Bergamo,Lombardy,45.756655699999996,9.754219200862249
Cortina d'Ampezzo,Veneto,46.5383332,12.1373506
Canale d'Agordo,Veneto,46.3600576,11.9150952
Castel del Piano,Tuscany,42.8932352,11.5383804
Altomonte,Calabria,39.6978818,16.1271277
Verbania,Piedmont,45.9344082,8.5580062
Brusaporto,Lombardy,45.6708455,9.7613544
Civitanova Marche,Marche,43.3055233,13.7229297
Olivola,Piedmont,45.0373877,8.3675266
Bologna,Emilia-Romagna,44.4938203,11.3426327
Cavernago,Lombardy,45.625097,9.7616399
Carsoli,Abruzzo,42.098927,13.084888
Castelnuovo Berardenga,Tuscany,43.3455237,11.5018883
Bari,Apulia,41.1257843,16.8620293
Ariano Irpino,Campania,41.1526668,15.0885633
Biella,Piedmont,45.5669538,8.086912008297636
Castellammare del Golfo,Sicily,38.018846,12.885837
Cortina d'Ampezzo,Veneto,46.5383332,12.1373506
San Quirico d'Orcia,Tuscany,43.0603953,11.603645
Faenza,Emilia-Romagna,44.2855555,11.8832055
Venice,Veneto,45.4371908,12.3345898
Bolzano,Trentino-South Tyrol,46.4984781,11.3547399
Cervere,Piedmont,44.635438,7.791932
Casanova di Terricciola,Tuscany,43.5445384,10.6861074
Collebeato,Lombardy,45.5813147,10.2102711
Clusone,Lombardy,45.887088,9.949656
Chiavari,Liguria,44.3164494,9.3233382
Torgiano,Umbria,43.028542,12.44136
Almè,Lombardy,45.7370097,9.614785
Florence,Tuscany,43.7697955,11.2556404
Lerici,Liguria,44.0736073,9.9099135
Andria,Apulia,41.2275731,16.2954806
Brione,Lombardy,45.6429228,10.1461559
Trevinano,Lazio,42.8221916,11.8709531
Chiaramonte Gulfi,Sicily,37.031342,14.701285
Chiavari,Liguria,44.3164494,9.3233382
Bellinzago Lombardo,Lombardy,45.542075,9.445951
Brindisi,Apulia,40.63591975,17.688443357842537
Borgoricco,Veneto,45.5335614,11.9658789
Bagnolo in Piano,Emilia-Romagna,44.762967,10.673293
Rottofreno,Emilia-Romagna,45.0576876,9.5502149
Catania,Sicily,37.5023612,15.0873718
Grosseto,Tuscany,42.7751102,11.287804427628437
Aosta,Aosta Valley,45.7370885,7.3196649
Canale,Piedmont,44.7970224,7.9911864
San Fermo della Battaglia,Lombardy,45.8084245,9.048551
Semproniano,Tuscany,42.7306583,11.5403457
Cavallino,Veneto,45.4820293,12.5528714
Palaia,Tuscany,43.6047668,10.7730759
Albenga,Liguria,44.0492503,8.2131239
Dolcedo,Liguria,43.9074393,7.9510985
Rome,Lazio,41.8933203,12.4829321
Foggia,Apulia,41.50281055,15.452893911491383
Marzamemi,Sicily,36.7418376,15.1176543
Brescia,Lombardy,45.77958045,10.4258729694612
Coriano Veronese,Veneto,,
Montorio al Vomano,Abruzzo,42.5827062,13.6325193
Arzachena,Sardinia,41.079898,9.3876122
Vignola,Emilia-Romagna,44.4784141,11.0090928
Albarè di Costermano,Veneto,45.5731613,10.7577409
Castiglione della Pescaia,Tuscany,42.7639301,10.8790917
San Polo di Piave,Veneto,45.7901075,12.3947754
Treviso,Veneto,45.806691349999994,12.206315763116372
Pontassieve,Tuscany,43.7738313,11.4346286
Levanto,Liguria,44.1699056,9.6120397
San Quirico d'Orcia,Tuscany,43.0603953,11.603645
Bolzano,Trentino-South Tyrol,46.4984781,11.3547399
Dosson,Veneto,45.635443,12.2513451
Brixen,Trentino-South Tyrol,46.716413,11.657792
Naples,Campania,40.8358846,14.2487679
Cologne,Lombardy,45.5815203,9.9411725
Cogne,Aosta Valley,45.6087425,7.3560226
Cagliari,Sardinia,39.2171994,9.113311
San Piero in Bagno,Emilia-Romagna,43.8576286,11.9769068
Treviso,Veneto,45.806691349999994,12.206315763116372
Positano,Campania,40.6286581,14.4854955
Pinzolo,Trentino-South Tyrol,,
San Teodoro,Sardinia,40.7716378,9.6704225
Codigoro,Emilia-Romagna,44.831581,12.109524
Venice,Veneto,45.4371908,12.3345898
Carona,Lombardy,46.02139,9.78285
Marano di Valpolicella,Veneto,45.5560474,10.9156845
Soragna,Emilia-Romagna,44.9281878,10.1235973
Milan,Lombardy,45.4641943,9.1896346
Naples,Campania,40.8358846,14.2487679
Bologna,Emilia-Romagna,44.4938203,11.3426327
Nola,Campania,40.9210826,14.5327402
Modena,Emilia-Romagna,44.5384728,10.935960870530739
Volterra,Tuscany,43.400337,10.860019
Finalborgo,Liguria,44.1763193,8.3276369
Soriso,Piedmont,45.7417373,8.4097034
Florence,Tuscany,43.7697955,11.2556404
Rome,Lazio,41.8933203,12.4829321
La Morra,Piedmont,44.6384797,7.9325818
Anacapri,Campania,40.555713,14.2136104
Carrara,Tuscany,44.0771026,10.096726
Toscolano-Maderno,Lombardy,45.6345707,10.609815
Genoa,Liguria,44.40726,8.9338624
Eboli,Campania,40.6175146,15.0569438
Taormina,Sicily,37.8512218,15.2830191
Perugia,Umbria,43.1070321,12.402996209906487
Puos d'Alpago,Veneto,46.1410937,12.3623258
Piacenza,Emilia-Romagna,44.8476352,9.666531257696896
Zafferana Etnea,Sicily,37.6932846,15.1064599
Marciana Marina,Tuscany,42.8036083,10.1967676
Sandrigo,Veneto,45.6606078,11.6029276
Bolzone,Lombardy,45.3332343,9.6629613
Tortona,Piedmont,44.89666,8.8641282
Porto Torres,Sardinia,40.8370333,8.4013292
Canazei,Trentino-South Tyrol,,
Archi,Sicily,38.1968443,15.2824677
Santa Maria della Versa,Lombardy,44.9861766,9.3001984
Modena,Emilia-Romagna,44.5384728,10.935960870530739
La Spezia,Liguria,44.23836595,9.691232634547537
Turin,Piedmont,45.0677551,7.6824892
Bacoli,Campania,40.7966129,14.0777834
Paestum,Campania,40.4216783,15.0148832
Oltressenda Alta,Lombardy,45.9166987,9.9442319
Castiglione del Lago,Umbria,43.127155,12.0452096
Commezzadura,Trentino-South Tyrol,,
Podenzano,Emilia-Romagna,44.956363,9.684967
Offanengo,Lombardy,45.378874,9.742361
Milan,Lombardy,45.4641943,9.1896346
Pralboino,Lombardy,45.2679989,10.2174131
Pescara,Abruzzo,42.3102619,13.95759010584892
Arezzo,Tuscany,43.51714415,11.763928194732205
Alba,Piedmont,44.7007236,8.0357786
Umbertide,Umbria,43.3056365,12.3366222
Capolona,Tuscany,43.563998,11.8587865
Capri,Campania,40.5488429,14.228370814497762
Algund,Trentino-South Tyrol,46.6825194,11.1230691
Novara,Piedmont,45.584250049999994,8.545996970894572
Sorrento,Campania,40.624906,14.374836
Padua,Veneto,45.4077172,11.8734455
Cagliari,Sardinia,39.2171994,9.113311
Porto Cervo,Sardinia,41.1318983,9.5353646
Dolcedo,Liguria,43.9074393,7.9510985
Selva di Val Gardena,Trentino-South Tyrol,46.5551877,11.7600992
San Cassiano,Trentino-South Tyrol,46.5710618,11.9323556
Portofino,Liguria,44.3036653,9.2093446
Pula,Sardinia,39.007433,9.001646
Imperia,Liguria,43.95837525,7.866742714674276
Corvara in Badia,Trentino-South Tyrol,46.5495743,11.8740339
Courmayeur,Aosta Valley,45.7874248,6.9730618
Ostuni,Apulia,40.727631,17.576406
Santa Teresa Gallura,Sardinia,41.241377,9.188518
Cornaredo,Lombardy,45.5016851,9.025746
Montepulciano,Tuscany,43.0945279,11.7826795
Torano Nuovo,Abruzzo,42.823048,13.777293
Aosta,Aosta Valley,45.7370885,7.3196649
Milan,Lombardy,45.4641943,9.1896346
Ariccia,Lazio,41.720709,12.6713481
Gragnano,Campania,40.6899999,14.5210654
Verona,Veneto,45.442497700000004,10.985737689444763
Colognola ai Colli,Veneto,45.4346311,11.1867006
Arborea,Sardinia,39.7738457,8.5817533
Genazzano,Lazio,41.8296733,12.9722464
Civitanova Marche,Marche,43.3055233,13.7229297
Milan,Lombardy,45.4641943,9.1896346
Caravaggio,Lombardy,45.4972605,9.6437404
Strongoli,Calabria,39.2639586,17.0520257
Venice,Veneto,45.4371908,12.3345898
San Giovanni in Fiore,Calabria,39.2536724,16.6978044
Ugento,Apulia,39.926319,18.157428
Noto,Sicily,36.8908864,15.0706454
Framura,Liguria,44.2071004,9.5541046
Fosdinovo,Tuscany,44.13382,10.018869
Montichiari,Lombardy,45.415181,10.390675
Maiori,Campania,40.648908,14.640141
Offida,Marche,42.9348208,13.6910435
Fasano,Apulia,40.834432,17.358399
Noto,Sicily,36.8908864,15.0706454
Milan,Lombardy,45.4641943,9.1896346
Turin,Piedmont,45.0677551,7.6824892
Pescara,Abruzzo,42.3102619,13.95759010584892
Trieste,Friuli-Venezia Giulia,45.6496485,13.7772781
Naples,Campania,40.8358846,14.2487679
Venice,Veneto,45.4371908,12.3345898
Belluno,Veneto,46.2805407,12.078913722504204
Marina Di Campo,Tuscany,42.761268599999994,10.239226363310935
Venice,Veneto,45.4371908,12.3345898
Cefalu,Sicily,38.034957,14.0244562
Portonovo,Marche,43.5619063,13.5931044
Acuto,Lazio,41.791521,13.174394
Catania,Sicily,37.5023612,15.0873718
Kiens,Trentino-South Tyrol,46.808627,11.8398396
Senigallia,Marche,43.7149517,13.2179488
Castiglione Falletto,Piedmont,44.6236987,7.9774527
Arma di Taggia,Liguria,43.8310037,7.8490829
Brescia,Lombardy,45.77958045,10.4258729694612
Cogne,Aosta Valley,45.6087425,7.3560226
Tivoli,Lazio,41.960922,12.798884
Concesio,Lombardy,45.605184,10.216967
Brixen,Trentino-South Tyrol,46.716413,11.657792
Baia Sardinia,Sardinia,40.724863303206234,9.687578993809339
Cefalu,Sicily,38.034957,14.0244562
Capodacqua,Umbria,43.0176633,12.7835946
Lallio,Lombardy,45.66638,9.630053
Venice,Veneto,45.4371908,12.3345898
Breuil Cervinia,Aosta Valley,45.9356034,7.6304397
Sesto San Giovanni,Lombardy,45.5357218,9.2376549
Rome,Lazio,41.8933203,12.4829321
Milan,Lombardy,45.4641943,9.1896346
Morgex,Aosta Valley,45.7580223,7.0354328
Torre del Lago Puccini,Tuscany,43.8280555,10.2912202
Montichiari,Lombardy,45.415181,10.390675
Castrocaro Terme,Emilia-Romagna,44.182365,11.955631
Caluso,Piedmont,45.304955,7.895722
Cercemaggiore,Molise,41.461326,14.723133
Monforte d'Alba,Piedmont,44.582438,7.969637
Stresa,Piedmont,45.8837277,8.5390268
Cagli,Marche,43.5457373,12.6517877
Appiano Gentile,Lombardy,45.7346371,8.979101
Cherasco,Piedmont,44.6522191,7.8580149
Bientina,Tuscany,43.7101845,10.6203207
Cannara,Umbria,42.994742,12.579363
Isola di Capo Rizzuto,Calabria,38.959993,17.093315
San Gimignano,Tuscany,43.4677993,11.0432115
Montrigiasco,Piedmont,45.7716843,8.5116697
Chieti,Abruzzo,42.10269285,14.41590530501923
Savigno,Emilia-Romagna,44.3919473,11.0745599
Civitella del Lago,Umbria,42.7119732,12.2811913
Castelmezzano,Basilicata,40.5302366,16.0465508
Casalgrande,Emilia-Romagna,44.5880091,10.7373209
Cavazzo Carnico,Friuli-Venezia Giulia,46.3674902,13.0399653
Cavatore,Piedmont,44.630344,8.454247
Runate,Lombardy,45.1709096,10.356996
San Casciano dei Bagni,Tuscany,42.8715509,11.8752274
Cavalese,Trentino-South Tyrol,46.31797322238803,11.283170316788633
Carovigno,Apulia,40.7071852,17.656848
Santa Maria Maggiore,Piedmont,46.1349546,8.4672779
Brescia,Lombardy,45.77958045,10.4258729694612
Salsomaggiore Terme,Emilia-Romagna,44.814762,9.979576
Assisi,Umbria,43.0711952,12.6146669
Bologna,Emilia-Romagna,44.4938203,11.3426327
Asolo,Veneto,45.8007265,11.9142444
Bardolino,Veneto,45.5475595,10.7242145
Bolzano,Trentino-South Tyrol,46.4984781,11.3547399
Cogne,Aosta Valley,45.6087425,7.3560226
Montemarcello,Liguria,44.0461588,9.9656253
Rome,Lazio,41.8933203,12.4829321
Ragusa,Sicily,36.9256833,14.7307456
Arezzo,Tuscany,43.51714415,11.763928194732205
Brescia,Lombardy,45.77958045,10.4258729694612
Arcugnano,Veneto,45.5004723,11.5356994
Barbaresco,Piedmont,44.7254469,8.0806959
Barbarano Vicentino,Veneto,45.4093424,11.5409364
Chieri,Piedmont,45.0138842,7.8223544
Montrigiasco,Piedmont,45.7716843,8.5116697
Como,Lombardy,45.939475900000005,9.149410132545793
Acri,Calabria,39.493005,16.3849498
Aprilia,Lazio,41.5942016,12.6485765
Agnone,Molise,41.8095612,14.3770463
Alghero,Sardinia,40.5587291,8.3153206
Naples,Campania,40.8358846,14.2487679
Afragola,Campania,40.926012,14.310831
Capriate San Gervasio,Lombardy,45.612578,9.528752
Spinetta Marengo,Piedmont,44.8861753,8.6829041
Amalfi,Campania,40.63367,14.6026095
Badia di Dulzago,Piedmont,45.5499058,8.612759
Turin,Piedmont,45.0677551,7.6824892
Ancona,Marche,43.4801189,13.218727943815642
Torrechiara,Emilia-Romagna,44.656766,10.2781141
Noceto,Emilia-Romagna,44.8099007,10.1772596
Trieste,Friuli-Venezia Giulia,45.6496485,13.7772781
Cormons,Friuli-Venezia Giulia,45.957791,13.4709541
Bettolle,Tuscany,43.206274,11.804331
Casale Monferrato,Piedmont,45.1362661,8.4498127
Canale,Piedmont,44.7970224,7.9911864
Baschi,Umbria,42.6702835,12.2161353
Cornaredo,Lombardy,45.5016851,9.025746
Rotonda,Basilicata,39.9527864,16.0390877
Arzignano,Veneto,45.519292,11.338594
Bardolino,Veneto,45.5475595,10.7242145
Capriata d'Orba,Piedmont,44.727849,8.69085
Selva di Val Gardena,Trentino-South Tyrol,46.5551877,11.7600992
Adria,Veneto,45.0531228,12.0572
Diolo,Emilia-Romagna,44.965905,10.1481737
Cicognolo,Lombardy,45.164573,10.194575
Milano Marittima,Emilia-Romagna,44.2774759,12.3481763
Sienna,Tuscany,43.167205949999996,11.467561040475552
Alzano Lombardo,Lombardy,45.7336026,9.730494
Bergamo,Lombardy,45.756655699999996,9.754219200862249
Cagliari,Sardinia,39.2171994,9.113311
Arabba,Veneto,46.4971763,11.8740902
Rome,Lazio,41.8933203,12.4829321
Cuneo,Piedmont,44.45807035,7.558136691151624
Alba,Piedmont,44.7007236,8.0357786
Bodio Lomnago,Lombardy,45.79122945,8.751004282625567
Isola Dovarese,Lombardy,45.1762691,10.3129568
Altamura,Apulia,40.8285595,16.5527314
Sasso Marconi,Emilia-Romagna,44.3996319,11.247554
Bagno di Romagna,Emilia-Romagna,43.8352272,11.9595985
Borgio Verezzi,Liguria,44.164968200000004,8.306662116087459
Alba,Piedmont,44.7007236,8.0357786
Naples,Campania,40.8358846,14.2487679
Alba,Piedmont,44.7007236,8.0357786
Chiusi,Tuscany,43.016515,11.9477359
Torno,Lombardy,45.857591,9.1162943
Raveo,Friuli-Venezia Giulia,46.434428,12.871113
Anacapri,Campania,40.555713,14.2136104
Verona,Veneto,45.442497700000004,10.985737689444763
Cortona,Tuscany,43.2752976,11.9850623
Cesenatico,Emilia-Romagna,44.1999283,12.3969692
Noventa Padovana,Veneto,45.4142322,11.9507999
Corciano,Umbria,43.1290269,12.287718
Cavaglià,Piedmont,45.4077339,8.0934286
Taormina,Sicily,37.8512218,15.2830191
Stradella,Lombardy,45.0773563,9.2950171
Brufa,Umbria,43.0591647,12.4746436
Catania,Sicily,37.5023612,15.0873718
Ostuni,Apulia,40.727631,17.576406
Bologna,Emilia-Romagna,44.4938203,11.3426327
Bracca,Lombardy,45.8238863,9.7078713
Sala Bolognese,Emilia-Romagna,44.629603,11.272747686018814
Aci Castello,Sicily,37.5542111,15.14856
Monteriggioni,Tuscany,43.3899772,11.2235936
Chiusi,Tuscany,43.016515,11.9477359
Cecina,Tuscany,43.3113449,10.5173443
Fossombrone,Pesaro e Urbino,43.6907965,12.8126121
San Pantaleo,Sardinia,41.0467078,9.4672873
Corte de' Cortesi,Lombardy,45.273174,10.007869
Anterivo,Trentino-South Tyrol,46.279746700000004,11.367961064571444
Costermano,Veneto,45.5856638,10.7399739
Cernobbio,Lombardy,45.8413945,9.0759048
Cefalu,Sicily,38.034957,14.0244562
Alassio,Liguria,44.0080109,8.1730265
Cesenatico,Emilia-Romagna,44.1999283,12.3969692
Saronno,Lombardy,45.6256764,9.0373283
Milan,Lombardy,45.4641943,9.1896346
Urbino,Marche,43.7262608,12.6363135
Lomazzo,Lombardy,45.6984514,9.0363529
Cerretto Langhe,Piedmont,44.574839,8.09794
Riva del Garda,Trentino-South Tyrol,46.47892393207291,11.340335137961675
Feltre,Veneto,46.0163755,11.9062541
Ventimiglia,Liguria,43.7917623,7.6033131
Furore,Campania,40.618792,14.5533482
Montefalco,Umbria,42.8918739,12.6500673
San Severino Marche,Marche,43.2290211,13.1779663
Turin,Piedmont,45.0677551,7.6824892
Pesaro,Marche,43.9098114,12.9131228
Milan,Lombardy,45.4641943,9.1896346
Pollone,Piedmont,45.579763,8.005919
Courmayeur,Aosta Valley,45.7874248,6.9730618
Palermo,Sicily,38.1112268,13.3524434
Campagnola Cremasca,Lombardy,45.398474,9.669459
Montefiorino,Emilia-Romagna,44.3580054,10.6229898
San Polo d'Enza,Emilia-Romagna,44.6258624,10.4222874
Follina,Veneto,45.9530729,12.1181368
Delebio,Lombardy,46.13609,9.46064
San Miniato,Tuscany,43.6797502,10.8500949
Lecce,Apulia,40.152217300000004,18.2260628338229
Barco,Lombardy,45.3791667,9.8995332
Turin,Piedmont,45.0677551,7.6824892
Serravalle Pistoiese,Tuscany,43.9058503,10.8330195
Bologna,Emilia-Romagna,44.4938203,11.3426327
Robbio,Lombardy,45.2899709,8.5932785
Sienna,Tuscany,43.167205949999996,11.467561040475552
Numana,Marche,43.5103436,13.6226368
Castelnuovo Berardenga,Tuscany,43.3455237,11.5018883
Cagliari,Sardinia,39.2171994,9.113311
Cortona,Tuscany,43.2752976,11.9850623
L'Aquila,Abruzzo,42.1368853,13.610341022538911
Senigallia,Marche,43.7149517,13.2179488
Castagnole Piemonte,Piedmont,44.8990644,7.566528
Cuneo,Piedmont,44.45807035,7.558136691151624
Albavilla,Lombardy,45.8031171,9.1884829
San Martino,Tuscany,43.7130588,10.4044808
Verona,Veneto,45.442497700000004,10.985737689444763
Borgonovo Val Tidone,Emilia-Romagna,45.014362,9.443461
Sirolo,Marche,43.5246892,13.6178462
Monfumo,Veneto,45.8303733,11.9211182
Monopoli,Apulia,40.9522369,17.299948
Monforte d'Alba,Piedmont,44.582438,7.969637
Milan,Lombardy,45.4641943,9.1896346
Céres,Piedmont,45.3133772,7.3896883
Mantua,Lombardy,45.1692628,10.670836515673878
Milan,Lombardy,45.4641943,9.1896346
Rome,Lazio,41.8933203,12.4829321
Porto Cervo,Sardinia,41.1318983,9.5353646
Venice,Veneto,45.4371908,12.3345898
Terrasini,Sicily,38.1528221,13.0821216
Verona,Veneto,45.442497700000004,10.985737689444763
Gualdo Cattaneo,Umbria,42.9094087,12.5558159
Moena,Trentino-South Tyrol,,
Drena,Trentino-South Tyrol,46.9962926,11.5004166
Algund,Trentino-South Tyrol,46.6825194,11.1230691
Novara,Piedmont,45.584250049999994,8.545996970894572
Terracina,Lazio,41.2871196,13.2492009
Quero,Veneto,45.9210025,11.9305542
Venice,Veneto,45.4371908,12.3345898
Pieve San Giacomo,Lombardy,45.130272,10.186275
Trapani,Sicily,38.0173961,12.5160225
Salerno,Campania,40.419441649999996,15.310608468834516
Numana,Marche,43.5103436,13.6226368
Rome,Lazio,,
Laigueglia,Liguria,43.9788263,8.157351
Vieste,Apulia,41.8827595,16.1791791
Carrù,Piedmont,44.481035,7.874437
Torre di Palme,Marche,43.1412644,13.8097946
Cortina d'Ampezzo,Veneto,46.5383332,12.1373506
Calvisano,Lombardy,45.3480525,10.345921
Montegrosso,Apulia,41.1737463,16.1401332
Ascoli Piceno,Marche,42.8834204,13.539593040686007
Castel Toblino,Trentino-South Tyrol,,
Fabbrico,Emilia-Romagna,44.8720906,10.8100618
Caltignaga,Piedmont,45.5169755,8.587782
Anghiari,Tuscany,43.5409662,12.0545815
Castellina in Chianti,Tuscany,43.4691786,11.2872857
Cassino,Lazio,41.4925576,13.8305297
Ancona,Marche,43.4801189,13.218727943815642
Bagheria,Sicily,38.079351,13.509349
Piacenza,Emilia-Romagna,44.8476352,9.666531257696896
Sassetta,Tuscany,43.1289914,10.6439077
Cagliari,Sardinia,39.2171994,9.113311
Chiesa in Valmalenco,Lombardy,46.2640846,9.8496555
Campobasso,Molise,41.717264799999995,14.826226697820019
Tarquinia,Lazio,42.2532394,11.7591747
Bologna,Emilia-Romagna,44.4938203,11.3426327
Grinzane Cavour,Piedmont,44.65334,7.995036
Busca,Piedmont,44.518132,7.474328
Cerignola,Apulia,41.2648121,15.8996651
Bassano del Grappa,Veneto,45.7669109,11.7343469
Brescia,Lombardy,45.77958045,10.4258729694612
Carovigno,Apulia,40.7071852,17.656848
Anacapri,Campania,40.555713,14.2136104
Saint-Christophe,Aosta Valley,45.7474199,7.3561685
Brusson,Aosta Valley,45.759342,7.7304474
Bolzano,Trentino-South Tyrol,46.4984781,11.3547399
Toceno,Piedmont,46.1435648,8.4666927
Brixen,Trentino-South Tyrol,46.716413,11.657792
Bergamo,Lombardy,45.756655699999996,9.754219200862249
Alba,Piedmont,44.7007236,8.0357786
Moggiona,Tuscany,43.782191,11.7925573
Frisanco,Friuli-Venezia Giulia,46.2127764,12.7270621
Ravenna,Emilia-Romagna,44.364060699999996,12.059009490863945
Bologna,Emilia-Romagna,44.4938203,11.3426327
Biella,Piedmont,45.5669538,8.086912008297636
Corvara in Badia,Trentino-South Tyrol,46.5495743,11.8740339
Castelletto sopra Ticino,Piedmont,45.7121687,8.6429769
Villa d'Almè,Lombardy,45.749682,9.614451
Maglie,Apulia,40.1184626,18.2988529
Milano Marittima,Emilia-Romagna,44.2774759,12.3481763
Città della Pieve,Umbria,42.9527338,12.004326
Atrani,Campania,40.636908,14.607541
Campobasso,Molise,41.717264799999995,14.826226697820019
Rende,Calabria,39.3319934,16.1843828
Adrara San Martino,Lombardy,45.6999454,9.9489353
Cortina d'Ampezzo,Veneto,46.5383332,12.1373506
Bergamo,Lombardy,45.756655699999996,9.754219200862249
Torbiato,Lombardy,45.6115298,9.9844199
Brixen,Trentino-South Tyrol,46.716413,11.657792
Florence,Tuscany,43.7697955,11.2556404
Busto Arsizio,Lombardy,45.611932,8.8518269
Ravenna,Emilia-Romagna,44.364060699999996,12.059009490863945
Arezzo,Tuscany,43.51714415,11.763928194732205
Caramanico Terme,Abruzzo,42.156446,14.0031895
Campogalliano,Emilia-Romagna,44.6905118,10.8407336
Longiano,Emilia-Romagna,44.0743778,12.3274733
Aosta,Aosta Valley,45.7370885,7.3196649
Agrigento,Sicily,37.3122991,13.57465
Bolgheri,Tuscany,43.2340065,10.6179334
Sienna,Tuscany,43.167205949999996,11.467561040475552
Naples,Campania,40.8358846,14.2487679
Conversano,Apulia,40.9685142,17.1150442
Brixen,Trentino-South Tyrol,46.716413,11.657792
Castel Gandolfo,Lazio,41.7425222,12.6488774
Bra,Piedmont,44.6976778,7.8542707
San Gimignano,Tuscany,43.4677993,11.0432115
Chioggia,Veneto,45.218894,12.2785805
Canelli,Piedmont,44.7192779,8.2871375
Castelfranco Veneto,Veneto,45.6711936,11.9265094
Calvisano,Lombardy,45.3480525,10.345921
San Donato in Poggio,Tuscany,43.5353195,11.2342716
Venice,Veneto,45.4371908,12.3345898
Brescia,Lombardy,45.77958045,10.4258729694612
Corvara in Badia,Trentino-South Tyrol,46.5495743,11.8740339
Corvara in Badia,Trentino-South Tyrol,46.5495743,11.8740339
Brez,Trentino-South Tyrol,46.4981623,10.9854176
Calestano,Emilia-Romagna,44.6007,10.1229945
Briaglia,Piedmont,44.3956758,7.8760035
Caldogno,Veneto,45.6118362,11.5075805
Alba,Piedmont,44.7007236,8.0357786
Castellammare di Stabia,Campania,40.6943046,14.4804813
Candia Canavese,Piedmont,45.327755,7.885121
Cagliari,Sardinia,39.2171994,9.113311
Serralunga d'Alba,Piedmont,44.6106859,8.0005562
Chiusdino,Tuscany,43.154634,11.084228
Brescia,Lombardy,45.77958045,10.4258729694612
Castelletto di Brenzone,Veneto,45.6871783,10.74950634348889
Bra,Piedmont,44.6976778,7.8542707
Almenno San Bartolomeo,Lombardy,45.742681,9.582251
Viareggio,Tuscany,43.8672392,10.2506055
Gaeta,Lazio,41.218312,13.56281
Borgonato,Lombardy,45.6210092,10.0171005
Sala Baganza,Emilia-Romagna,44.7139495,10.2263338
Borghetto di Borbera,Piedmont,44.7308921,8.9453314
San Leone,Sicily,37.2660916,13.5820424
Fiumicino,Lazio,41.7712145,12.2278855
Alassio,Liguria,44.0080109,8.1730265
Spinetta Marengo,Piedmont,44.8861753,8.6829041
Bordighera,Liguria,43.7850512,7.6591094
Bellagio,Lombardy,45.9872549,9.2613001
Carpaneto Piacentino,Emilia-Romagna,44.9152116,9.7880952
Pieve Ligure,Liguria,44.3762485,9.0861613
Castelbuono,Sicily,37.9331292,14.0877842
Albenga,Liguria,44.0492503,8.2131239
Borgomanero,Piedmont,45.6989107,8.4623673
Fiumicino,Lazio,41.7712145,12.2278855
Bordighera,Liguria,43.7850512,7.6591094
Asiago,Veneto,45.8753771,11.5106998
Cesenatico,Emilia-Romagna,44.1999283,12.3969692
Barletta,Apulia,41.3214976,16.2868696
Caserta,Campania,41.20351925,14.116862382970815
Cortina d'Ampezzo,Veneto,46.5383332,12.1373506
Taormina,Sicily,37.8512218,15.2830191
Capri,Campania,40.5488429,14.228370814497762
Alessandria,Piedmont,44.83495335,8.745030418605868
Milan,Lombardy,45.4641943,9.1896346
Cureggio,Piedmont,45.674869,8.459727
Castelbello,Trentino-South Tyrol,46.628306,10.9017598
Asolo,Veneto,45.8007265,11.9142444
Cermes,Trentino-South Tyrol,46.6346188,11.146564
Carnello,Lazio,41.6900097,13.6049056
Brenzone sul Garda,Veneto,45.6928612,10.7720118
Carovigno,Apulia,40.7071852,17.656848
Bra,Piedmont,44.6976778,7.8542707
Castelnovo di Sotto,Emilia-Romagna,44.8108626,10.5632954
Castelbianco,Liguria,44.1118166,8.0709079
Bergamo,Lombardy,45.756655699999996,9.754219200862249
Monte Sant'Angelo,Apulia,41.70544,15.967657
Moretta,Piedmont,44.763839,7.537125
Calamandrana,Piedmont,44.7370162,8.3341542
Rome,Lazio,41.8933203,12.4829321
Olgiate Olona,Lombardy,45.6309999,8.8898408
Venosa,Basilicata,40.961323,15.814863
Baia Sardinia,Sardinia,40.724863303206234,9.687578993809339
Terracina,Lazio,41.2871196,13.2492009
Naples,Campania,40.8358846,14.2487679
Tavernerio,Lombardy,45.8024262,9.1464359
Isola Vulcano,Sicily,38.399538699999994,14.967380329838809
Vicopisano,Tuscany,43.6998317,10.5846946
Moggiona,Tuscany,43.782191,11.7925573
Castelnuovo Berardenga,Tuscany,43.3455237,11.5018883
Mariano Comense,Lombardy,45.6971411,9.1784276
Cernobbio,Lombardy,45.8413945,9.0759048
Celle Ligure,Liguria,44.3463235,8.5444342
Vico Equense,Campania,40.6623446,14.4264683
Prato,Tuscany,43.935718050000006,11.09414726770089
San Bartolomeo al Mare,Liguria,43.922924,8.101152
Rome,Lazio,41.8933203,12.4829321
Salerno,Campania,40.419441649999996,15.310608468834516
Merano,Trentino-South Tyrol,46.6695547,11.1594185
Praiano,Campania,40.611107,14.53134
Stresa,Piedmont,45.8837277,8.5390268
Vodo di Cadore,Veneto,46.419622,12.244899
Monforte d'Alba,Piedmont,44.582438,7.969637
Cava de' Tirreni,Campania,40.7004616,14.7062633
Cortina d'Ampezzo,Veneto,46.5383332,12.1373506
Cardano,Trentino-South Tyrol,46.4937167,11.3936474
Pisa,Tuscany,43.4714722,10.679791173704576
Borgomanero,Piedmont,45.6989107,8.4623673
Toblach,Trentino-South Tyrol,46.735425,12.2242801
Montalcino,Tuscany,43.0575578,11.4902818
Verona,Veneto,45.442497700000004,10.985737689444763
Arco,Trentino-South Tyrol,,
Vernante,Piedmont,44.245027,7.533834
Asiago,Veneto,45.8753771,11.5106998
Lucca,Tuscany,44.017763900000006,10.454430026192636
Pinzolo,Trentino-South Tyrol,,
Capoterra,Sardinia,39.175313,8.9719503
Rome,Lazio,41.8933203,12.4829321
Bologna,Emilia-Romagna,44.4938203,11.3426327
Badalucco,Liguria,43.9155573,7.8472946
Trento,Trentino-South Tyrol,46.6438496,12.3837697
Barbaresco,Piedmont,44.7254469,8.0806959
Rome,Lazio,41.8933203,12.4829321
Genoa,Liguria,44.40726,8.9338624
Marina di Casal Velino,Campania,40.176791,15.1240969
Sorrento,Campania,40.624906,14.374836
Toblach,Trentino-South Tyrol,46.735425,12.2242801
Sorni,Trentino-South Tyrol,,
Limito,Lombardy,45.4826245,9.3271701
Sorico,Lombardy,46.1722601,9.3799475
Florence,Tuscany,43.7697955,11.2556404
Salerno,Campania,40.419441649999996,15.310608468834516
Gussago,Lombardy,45.5926638,10.15345
Linguaglossa,Sicily,37.8409138,15.1437161
Savelletri,Apulia,40.8730304,17.4089613
Venice,Veneto,45.4371908,12.3345898
Fossò,Veneto,45.3856495,12.048577
Montemonaco,Marche,42.8991551,13.3268587
Legnano,Lombardy,45.5946464,8.9181625
Follina,Veneto,45.9530729,12.1181368
Serralunga d'Alba,Piedmont,44.6106859,8.0005562
Valledoria,Sardinia,40.928283,8.8245837
San Felice del Benaco,Lombardy,45.5895461,10.5517327
Forno di Zoldo,Veneto,46.3466219,12.1770892
Venice,Veneto,45.4371908,12.3345898
Coloreto,Emilia-Romagna,44.7689188,10.3795728
Verona,Veneto,45.442497700000004,10.985737689444763
Cava de' Tirreni,Campania,40.7004616,14.7062633
Naples,Campania,40.8358846,14.2487679
Tregnago,Veneto,45.5139247,11.1656601
Turin,Piedmont,45.0677551,7.6824892
Bianzone,Lombardy,46.188197,10.109354
Acqualagna,Marche,43.6258843,12.6759738
Colle di Val d'Elsa,Tuscany,43.4226455,11.126394
Altissimo,Veneto,45.614739,11.2512582
Turin,Piedmont,45.0677551,7.6824892
Aprica,Lombardy,46.152697,10.151656
Pergine Valsugana,Trentino-South Tyrol,,
San Casciano dei Bagni,Tuscany,42.8715509,11.8752274
Naples,Campania,40.8358846,14.2487679
Garda,Veneto,45.5756512,10.7085298
Torrita di Siena,Tuscany,43.1667601,11.7716466
Marne,Lombardy,45.6241377,9.5579552
Milan,Lombardy,45.4641943,9.1896346
Naples,Campania,40.8358846,14.2487679
Cortona,Tuscany,43.2752976,11.9850623
Montegridolfo,Emilia-Romagna,43.8589996,12.6885114
Venice,Veneto,45.4371908,12.3345898
Naples,Campania,40.8358846,14.2487679
Pieve d'Alpago,Veneto,46.1673674,12.3518414
Fiesole,Tuscany,43.8066689,11.2930735
Aversa,Campania,40.973212,14.204928
Lecce,Apulia,40.152217300000004,18.2260628338229
Livigno,Lombardy,46.5381734,10.1359928
San Martino di Castrozza,Trentino-South Tyrol,,
Manfredonia,Apulia,41.6254728,15.9095926
Isola Sant'Antonio,Piedmont,45.0305007,8.8487341
Piadena,Lombardy,45.1308551,10.3687468
Termoli,Molise,41.9983273,14.9939366
Udine,Friuli-Venezia Giulia,46.0634632,13.2358377
Ponza,Lazio,40.8932368,12.9630622
Rubano,Veneto,45.4287288,11.7882736
Madesimo,Lombardy,46.4362982,9.3584136
Fasano del Garda,Lombardy,,
Cetona,Tuscany,42.964431,11.9004535
Quarona,Piedmont,45.757869,8.265721
Montemagno,Piedmont,44.983701,8.3235786
Riposto,Sicily,37.7318901,15.2042214
Settequerce,Trentino-South Tyrol,46.5110373,11.2745028
Rimini,Emilia-Romagna,43.946543250000005,12.630749019254939
Linguaglossa,Sicily,37.8409138,15.1437161
Mules,Trentino-South Tyrol,46.8549387,11.5238006
Monforte d'Alba,Piedmont,44.582438,7.969637
Forlì,Emilia-Romagna,44.2227278,12.041273
Cassinetta di Lugagnano,Lombardy,45.4235759,8.9083136
Rome,Lazio,41.8933203,12.4829321
Vigano,Lombardy,45.7246346,9.3245602
Frascati,Lazio,41.8082452,12.6803684
Manerba del Garda,Lombardy,45.549434,10.5512888
Boves,Piedmont,44.3296258,7.5518938
Dogliani,Piedmont,44.5307822,7.9472329
Dolegna del Collio,Friuli-Venezia Giulia,46.031323,13.4793349
Milan,Lombardy,45.4641943,9.1896346
Torbole,Trentino-South Tyrol,,
Ariano Irpino,Campania,41.1526668,15.0885633
Giulianova Lido,Abruzzo,,
Palermo,Sicily,38.1112268,13.3524434
Marostica,Veneto,45.7453924,11.6568938
La Morra,Piedmont,44.6384797,7.9325818
Ponte dell'Olio,Emilia-Romagna,44.867361,9.642268
Viareggio,Tuscany,43.8672392,10.2506055
Fagagna,Friuli-Venezia Giulia,46.1134401,13.0845716
Marciana Marina,Tuscany,42.8036083,10.1967676
Rome,Lazio,41.8933203,12.4829321
Pfalzen,Trentino-South Tyrol,46.8119803,11.8840064
Milan,Lombardy,45.4641943,9.1896346
Marina di Pietrasanta,Tuscany,43.9325236,10.2067186
Lucca,Tuscany,44.017763900000006,10.454430026192636
Monticelli d'Ongina,Emilia-Romagna,45.0895109,9.9331646
Montecarlo,Tuscany,43.8511862,10.6676214
Padenghe sul Garda,Lombardy,45.509584,10.506376
Palermo,Sicily,38.1112268,13.3524434
Roccaraso,Abruzzo,41.8502606,14.0782574
Miane,Veneto,45.9443206,12.0938559
Rome,Lazio,41.8933203,12.4829321
Naples,Campania,40.8358846,14.2487679
Milazzo,Sicily,38.2208049,15.2415129
San Vigilio di Marebbe,Trentino-South Tyrol,46.6979997,11.9312299
Isola Vulcano,Sicily,38.399538699999994,14.967380329838809
Latina,Lazio,41.45952605,13.012591212188894
Vico Equense,Campania,40.6623446,14.4264683
Marina di San Vito,Abruzzo,42.3083606,14.445296
La Spezia,Liguria,44.23836595,9.691232634547537
Moncalieri,Piedmont,45.0004614,7.6847543
Asiago,Veneto,45.8753771,11.5106998
Alba,Piedmont,44.7007236,8.0357786
Senago,Lombardy,45.5761376,9.1244464
Courmayeur,Aosta Valley,45.7874248,6.9730618
Merano,Trentino-South Tyrol,46.6695547,11.1594185
Venice,Veneto,45.4371908,12.3345898
Tavagnacco,Friuli-Venezia Giulia,46.1273936,13.2140999
Palazzolo Acreide,Sicily,37.061855,14.9041697
Marotta,Marche,43.7712681,13.1330281
Rubbianino,Emilia-Romagna,44.6513054,10.525093
Grosseto,Tuscany,42.7751102,11.287804427628437
Turin,Piedmont,45.0677551,7.6824892
Marina di Cecina,Tuscany,43.2995802,10.4940069
Laveno,Lombardy,45.9118991,8.61896
Fondi,Lazio,41.3572854,13.430031
Barcuzzi,Lombardy,45.4887435,10.496814
Bobbio,Emilia-Romagna,44.769273,9.3862814
Isola d'Asti,Piedmont,44.8293671,8.177452
Roletto,Piedmont,44.9246915,7.3313239
Genoa,Liguria,44.40726,8.9338624
Castellina in Chianti,Tuscany,43.4691786,11.2872857
Milan,Lombardy,45.4641943,9.1896346
San Giovanni in Persiceto,Emilia-Romagna,44.6386593,11.1874019
Montoggio,Liguria,44.5154356,9.0442742
Isera,Trentino-South Tyrol,,
Genoa,Liguria,44.40726,8.9338624
Termoli,Molise,41.9983273,14.9939366
Piobesi d'Alba,Piedmont,44.7350191,7.9796685
Mariano del Friuli,Friuli-Venezia Giulia,45.9160611,13.458748
Vico Equense,Campania,40.6623446,14.4264683
Cuneo,Piedmont,44.45807035,7.558136691151624
Milan,Lombardy,45.4641943,9.1896346
Syracuse,Sicily,37.0646139,15.2907196
Gsies,Trentino-South Tyrol,46.824096499999996,12.232500513786313
Origgio,Lombardy,45.5976933,9.0180613
Naples,Campania,40.8358846,14.2487679
Monticelli Brusati,Lombardy,45.6321897,10.0985704
Loro Ciuffenna,Tuscany,43.5922862,11.6330068
Pollone,Piedmont,45.579763,8.005919
Rome,Lazio,41.8933203,12.4829321
Pitigliano,Tuscany,42.634827,11.673549
Orbetello,Tuscany,42.4380944,11.2107429
Pordenone,Friuli-Venezia Giulia,45.9562503,12.6597197
Marina di Massa,Tuscany,44.0094968,10.1019306
Terranova di Pollino,Basilicata,39.978107,16.296286
Portoscuso,Sardinia,39.207031,8.380931
Alghero,Sardinia,40.5587291,8.3153206
Issengo,Trentino-South Tyrol,46.8160801,11.8625462
Pinerolo,Piedmont,44.8873086,7.3319454
Fagnano Olona,Lombardy,45.6689478,8.8727714
Rome,Lazio,41.8933203,12.4829321
Vercelli,Piedmont,45.55538265,8.346283678327271
Oviglio,Piedmont,44.86125,8.487743
Recco,Liguria,44.3652396,9.1462995
Pietrasanta,Tuscany,43.9589031,10.2332031
Grosseto,Tuscany,42.7751102,11.287804427628437
Genoa,Liguria,44.40726,8.9338624
Lucarelli,Tuscany,43.5183022,11.3118213
Milan,Lombardy,45.4641943,9.1896346
Milan,Lombardy,45.4641943,9.1896346
Cremona,Lombardy,45.22086405,10.037037979628856
Verona,Veneto,45.442497700000004,10.985737689444763
Modena,Emilia-Romagna,44.5384728,10.935960870530739
Mergozzo,Piedmont,45.96128,8.4495252
Rivodutri,Lazio,42.516434,12.854977
Negrar,Veneto,45.5296706,10.9400217
Salò,Lombardy,45.6056775,10.520069
Finale Ligure,Liguria,44.1689049,8.3436524
Stresa,Piedmont,45.8837277,8.5390268
Pacentro,Abruzzo,42.0499635,13.9910727
Florence,Tuscany,43.7697955,11.2556404
Velo Veronese,Veneto,45.6050596,11.0957685
Milan,Lombardy,45.4641943,9.1896346
Galliera Veneta,Veneto,45.6628395,11.8284875
Vedole,Emilia-Romagna,44.9228321,10.3594849
Florence,Tuscany,43.7697955,11.2556404
Milan,Lombardy,45.4641943,9.1896346
Madonna di Campiglio,Trentino-South Tyrol,,
San Vincenzo,Tuscany,43.1006951,10.5387914
Savona,Liguria,44.2334238,8.252572737021062
Milan,Lombardy,45.4641943,9.1896346
Sant'Anna,Piedmont,45.930641,8.1751257
Positano,Campania,40.6286581,14.4854955
Pisciotta,Campania,40.108902,15.234561
Salerno,Campania,40.419441649999996,15.310608468834516
Florence,Tuscany,43.7697955,11.2556404
Milan,Lombardy,45.4641943,9.1896346
Casaglia,Umbria,43.1061164,12.4326916
Montalcino,Tuscany,43.0575578,11.4902818
Barbian,Emilia-Romagna,,
Cavi di Lavagna,Liguria,44.2908658,9.3779898
Ruvo di Puglia,Apulia,41.1171985,16.4845354
Matera,Basilicata,40.447641899999994,16.47357384028852
Revine,Veneto,46.0000268,12.2534954
Milan,Lombardy,45.4641943,9.1896346
Montemerano,Tuscany,42.62152,11.4911311
Ostuni,Apulia,40.727631,17.576406
Lavello,Basilicata,41.045625,15.790762
Rablà,Trentino-South Tyrol,46.6728776,11.0617356
Orvieto,Umbria,42.7186152,12.1087907
Moltrasio,Lombardy,45.874050249999996,9.091480319324706
Vico Equense,Campania,40.6623446,14.4264683
Dovera,Lombardy,45.3651533,9.5416879
Garbagnate Milanese,Lombardy,,
Milan,Lombardy,,
Messina,Sicily,,
San Polo di Piave,Veneto,,
Rome,Lazio,,
Parma,Emilia-Romagna,,
Fidenza,Emilia-Romagna,,
Seregno,Lombardy,,
Genoa,Liguria,,
Palermo,Sicily,,
Stresa,Piedmont,,
Sclafani Bagni,Sicily,,
Gaibana,Emilia-Romagna,,
Milan,Lombardy,,
Venice,Veneto,,
Mutignano,Abruzzo,,
Loano,Liguria,,
Genoa,Liguria,,
Noto,Sicily,,
Pineto,Abruzzo,,
Licata,Sicily,,
Pescara,Abruzzo,,
San Vincenzo,Tuscany,,
Recco,Liguria,,
Riva di Solto,Lombardy,,
Ardenza,Tuscany,,
Trani,Apulia,,
Finale Emilia,Emilia-Romagna,,
Valsolda,Lombardy,,
Imperia,Liguria,,
Milan,Lombardy,,
Malfa,Sicily,,
Cuneo,Piedmont,,
Quarto,Campania,,
Rome,Lazio,,
Rome,Lazio,,
Mornago,Lombardy,,
Brunico,Trentino-South Tyrol,,
Sestri Levante,Liguria,,
Venice,Veneto,,
Florence,Tuscany,,
Scorzè,Veneto,,
Castel Maggiore,Emilia-Romagna,,
Venice,Veneto,,
Taormina,Sicily,,
Saint-Vincent,Aosta Valley,,
Paestum,Campania,,
Castelvetro di Modena,Emilia-Romagna,,
Sappada,Friuli-Venezia Giulia,,
Pesaro,Marche,,
Florence,Tuscany,,
Trento,Trentino-South Tyrol,,
Santarcangelo di Romagna,Emilia-Romagna,,
Riomaggiore,Liguria,,
Loreto,Marche,,
Ladispoli,Lazio,,
Vairano Patenora,Campania,,
Milan,Lombardy,,
Lamezia Terme,Calabria,,
Verona,Veneto,,
Cesenatico,Emilia-Romagna,,
Naples,Campania,,
Agrigento,Sicily,,
Alberobello,Apulia,,
Fiorano Modenese,Emilia-Romagna,,
San Giuliano Milanese,Lombardy,,
Varena,Lombardy,,
Vasto,Abruzzo,,
Annone Veneto,Veneto,,
Prato,Tuscany,,
Revere,Lombardy,,
Guarene,Piedmont,,
Como,Lombardy,,
Milan,Lombardy,,
Pizzo,Calabria,,
Altare,Liguria,,
Barate,Lombardy,,
Rome,Lazio,,
Sant'Agostino,Emilia-Romagna,,
Zelarino,Veneto,,
San Donato in Poggio,Tuscany,,
Nals,Trentino-South Tyrol,,
Forlì,Emilia-Romagna,,
Turin,Piedmont,,
Capolago,Lombardy,,
Positano,Campania,,
Sernaglia della Battaglia,Veneto,,
Lucca,Tuscany,,
Venice,Veneto,,
Mules,Trentino-South Tyrol,,
Turin,Piedmont,,
Venice,Veneto,,
Palazzolo sull'Oglio,Lombardy,,
Naples,Campania,,
Tavarnelle Val di Pesa,Tuscany,,
Marzocca,Marche,,
Milan,Lombardy,,
Rome,Lazio,,
Pieve di Cento,Emilia-Romagna,,
Verona,Veneto,,
Spoleto,Umbria,,
Ortisei,Trentino-South Tyrol,,
Venice,Veneto,,
Fiumicino,Lazio,,
Levico Terme,Trentino-South Tyrol,,
Turin,Piedmont,,
Florence,Tuscany,,
Orvieto,Umbria,,
Villa di Chiavenna,Lombardy,,
Dossobuono,Veneto,,
Rivalta Trebbia,Emilia-Romagna,,
Turin,Piedmont,,
Rome,Lazio,,
Rome,Lazio,,
Manfredonia,Apulia,,
Massa Lubrense,Campania,,
Sarentino,Trentino-South Tyrol,,
Cuorgnè,Piedmont,,
Montescudaio,Tuscany,,
Madonna di Campiglio,Trentino-South Tyrol,,
Sorrento,Campania,,
Monfumo,Veneto,,
Casole d'Elsa,Tuscany,,
Milan,Lombardy,,
Rome,Lazio,,
Milan,Lombardy,,
Rieti,Lazio,,
Varzi,Lombardy,,
Montalcino,Tuscany,,
Morciano di Romagna,Emilia-Romagna,,
Jesolo,Veneto,,
Desenzano del Garda,Lombardy,,
Paestum,Campania,,
Santo Stefano Belbo,Piedmont,,
Aldino,Trentino-South Tyrol,,
Positano,Campania,,
Trofarello,Piedmont,,
Marlengo,Trentino-South Tyrol,,
Parma,Emilia-Romagna,,
Barzago,Lombardy,,
Milan,Lombardy,,
Termeno sulla Strada del Vino,Trentino-South Tyrol,,
Pinerolo,Piedmont,,
Rome,Lazio,,
Venice,Veneto,,
Guardiagrele,Abruzzo,,
Verona,Veneto,,
San Genesio Atesino,Trentino-South Tyrol,,
Trezzano sul Naviglio,Lombardy,,
Noventa,Veneto,,
Milan,Lombardy,,
Sarentino,Trentino-South Tyrol,,
Santa Maria del Monte,Lombardy,,
Ponte San Pietro,Lombardy,,
Marina di Pietrasanta,Tuscany,,
Vipiteno,Trentino-South Tyrol,,
Serravalle Langhe,Piedmont,,
Pellio Intelvi,Lombardy,,
Vibo Valentia Marina,Calabria,,
Trani,Apulia,,
Fasano del Garda,Lombardy,,
Ravina,Trentino-South Tyrol,,
Maranello,Emilia-Romagna,,
Feltre,Veneto,,
Pigna,Liguria,,
Suvereto,Tuscany,,
Randazzo,Sicily,,
Turin,Piedmont,,
Verona,Veneto,,
Selva di Val Gardena,Trentino-South Tyrol,,
Mergozzo,Piedmont,,
Tirol,Trentino-South Tyrol,,
Milan,Lombardy,,
Cortina Vecchia,Emilia-Romagna,,
Mercenasco,Piedmont,,
Velo,Veneto,,
Moniga del Garda,Lombardy,,
Modena,Emilia-Romagna,,
Vigevano,Lombardy,,
Vetrego,Veneto,,
Reggio Calabria,Calabria,,
Quartiere di Portomaggiore,Emilia-Romagna,,
Erbusco,Lombardy,,
Rastignano,Emilia-Romagna,,
Pompei,Campania,,
Fondi,Lazio,,
Fagnano,Veneto,,
Forte dei Marmi,Tuscany,,
Pianiga,Veneto,,
Verona,Veneto,,
Rimini,Emilia-Romagna,,
Piazza Armerina,Sicily,,
Turin,Piedmont,,
Milan,Lombardy,,
Rome,Lazio,,
Oderzo,Veneto,,
Naples,Campania,,
Toblach,Trentino-South Tyrol,,
Monforte d'Alba,Piedmont,,
Lacco Ameno,Campania,,
Ovada,Piedmont,,
Marina di Bibbona,Tuscany,,
Salgareda,Veneto,,
Monastier di Treviso,Veneto,,
Varigotti,Liguria,,
Saint Martin in Passeier,Trentino-South Tyrol,,
Molini,Trentino-South Tyrol,,
Morimondo,Lombardy,,
Bigolino,Veneto,,
Spilimbergo,Friuli-Venezia Giulia,,
Manoppello Scalo,Abruzzo,,
Tisens,Trentino-South Tyrol,,
Modica,Sicily,,
Marano Lagunare,Friuli-Venezia Giulia,,
Venice,Veneto,,
Mosciano Sant'Angelo,Abruzzo,,
Tigliole,Piedmont,,
Somma Lombardo,Lombardy,,
Crandola Valsassina,Lombardy,,
Postal,Trentino-South Tyrol,,
Limone Piemonte,Piedmont,,
Trani,Apulia,,
Florence,Tuscany,,
Ne,Liguria,,
Galeata,Emilia-Romagna,,
Pietrasanta,Tuscany,,
Rome,Lazio,,
Venice,Veneto,,
Sestri Levante,Liguria,,
Alghero,Sardinia,,
Milan,Lombardy,,
Matera,Basilicata,,
Cuneo,Piedmont,,
Forio,Campania,,
Valmadrera,Lombardy,,
San Salvo Marina,Abruzzo,,
Rognano,Lombardy,,
Venice,Veneto,,
Florence,Tuscany,,
Madonna di Campiglio,Trentino-South Tyrol,,
Volterra,Tuscany,,
San Giorgio della Richinvelda,Friuli-Venezia Giulia,,
Milan,Lombardy,,
Novara,Piedmont,,
Torre del Greco,Campania,,
Montemarciano,Tuscany,,
Asola,Lombardy,,
Castelfranco Emilia,Emilia-Romagna,,
Porto Azzurro,Tuscany,,
Pudiano,Lombardy,,
Negrar,Veneto,,
Salsomaggiore Terme,Emilia-Romagna,,
Vello,Lombardy,,
Malcesine,Veneto,,
Naples,Campania,,
Salò,Lombardy,,
Florence,Tuscany,,
Lesa,Piedmont,,
Ferrara,Emilia-Romagna,,
Novafeltria,Emilia-Romagna,,
San Bonifacio,Veneto,,
Milan,Lombardy,,
Milan,Lombardy,,
Lido di Camaiore,Tuscany,,
Massa,Tuscany,,
Venice,Veneto,,
Milan,Lombardy,,
Manciano,Tuscany,,
Montone,Umbria,,
Lesina,Apulia,,
Parma,Emilia-Romagna,,
Levizzano Rangone,Emilia-Romagna,,
Ostuni,Apulia,,
Milan,Lombardy,,
Stromboli,Sicily,,
Padua,Veneto,,
Putignano,Apulia,,
Galluzzo,Tuscany,,
Genoa,Liguria,,
Corrubbio,Veneto,,
Ossana,Trentino-South Tyrol,,
Milan,Lombardy,,
Romano d'Ezzelino,Veneto,,
Fara Filiorum Petri,Abruzzo,,
Montepagano,Abruzzo,,
Carloforte,Sardinia,,
Florence,Tuscany,,
Orbassano,Piedmont,,
Rome,Lazio,,
Milan,Lombardy,,
Ravalle,Emilia-Romagna,,
Crispiano,Apulia,,
Revigliasco,Piedmont,,
Mantua,Lombardy,,
Cervia,Emilia-Romagna,,
Monopoli,Apulia,,
San Vito lo Capo,Sicily,,
San Zeno di Montagna,Veneto,,
Santa Vittoria d'Alba,Piedmont,,
Lipari,Sicily,,
Orta San Giulio,Piedmont,,
Recorfano,Lombardy,,
Cogne,Aosta Valley,,
Rome,Lazio,,
Verona,Veneto,,
Tortona,Piedmont,,
Rome,Lazio,,
Florence,Tuscany,,
Florence,Tuscany,,
Milan,Lombardy,,
Monza,Lombardy,,
Ragusa,Sicily,,
Marina di Pisa,Tuscany,,
San Donà di Piave,Veneto,,
Teglio,Lombardy,,
Ventimiglia,Liguria,,
Perugia,Umbria,,
Melfi,Basilicata,,
Santarcangelo di Romagna,Emilia-Romagna,,
Madonna di Senales,Trentino-South Tyrol,,
Sansepolcro,Tuscany,,
Maratea,Basilicata,,
Udine,Friuli-Venezia Giulia,,
Paradiso di Pocenia,Friuli-Venezia Giulia,,
Matera,Basilicata,,
Crema,Lombardy,,
Mirano,Veneto,,
Quarto d'Altino,Veneto,,
Palmi,Calabria,,
Rome,Lazio,,
Priocca,Piedmont,,
Moena,Trentino-South Tyrol,,
Osio Sotto,Lombardy,,
San Maurizio Canavese,Piedmont,,
Palau,Sardinia,,
Mantello,Lombardy,,
Traversella,Piedmont,,
Lampedusa,Sicily,,
Ponte dell'Olio,Emilia-Romagna,,
Palazzolo sull'Oglio,Lombardy,,
Vigano,Lombardy,,
Pastrengo,Veneto,,
Cervesina,Lombardy,,
Lucca,Tuscany,,
Florence,Tuscany,,
Villa San Giovanni,Calabria,,
Labico,Lazio,,
Sestri Levante,Liguria,,
Ghirlanda,Tuscany,,
Marlia,Tuscany,,
Monteu Roero,Piedmont,,
Marina di Arbus,Sardinia,,
San Benedetto del Tronto,Marche,,
Madonna di Campiglio,Trentino-South Tyrol,,
Castiglione delle Stiviere,Lombardy,,
Rocella Jonica,Calabria,,
Vallo della Lucania,Campania,,
Besenzone,Emilia-Romagna,,
Gargnano,Lombardy,,
Sant'Agata sui Due Golfi,Campania,,
Giustino,Trentino-South Tyrol,,
Positano,Campania,,
Vallesaccarda,Campania,,
Fano,Marche,,
Villa d'Almè,Lombardy,,
Ranco,Lombardy,,
Tivoli,Lazio,,
Mazzorbo,Veneto,,
Vodo di Cadore,Veneto,,
Taranto,Apulia,,
Vinci,Tuscany,,
Mercato San Severino,Campania,,
Lampedusa,Sicily,,
Vercelli,Piedmont,,
Malnate,Lombardy,,
Lecce,Apulia,,
Marina di Pulsano,Apulia,,
Venice,Veneto,,
Todi,Umbria,,
San Paolo d'Argon,Lombardy,,
Trequanda,Tuscany,,
Rome,Lazio,,
Lecco,Lombardy,,
Poggibonsi,Tuscany,,
San Pellegrino,Trentino-South Tyrol,,
Selva di Val Gardena,Trentino-South Tyrol,,
Pescara,Abruzzo,,
San Severo,Apulia,,
Turin,Piedmont,,
Gargnano,Lombardy,,
Burano,Veneto,,
Nerviano,Lombardy,,
Forte dei Marmi,Tuscany,,
San Desiderio,Liguria,,
Manduria,Apulia,,
Parma,Emilia-Romagna,,
Ferrara,Emilia-Romagna,,
Rome,Lazio,,
Marostica,Veneto,,
Treviso,Veneto,,
Nocera Superiore,Campania,,
Domodossola,Piedmont,,
Castelnovo di Baganzola,Emilia-Romagna,,
Moena,Trentino-South Tyrol,,
Parma,Emilia-Romagna,,
Rome,Lazio,,
Milano Marittima,Emilia-Romagna,,
Le Ferriere,Lazio,,
Cutigliano,Tuscany,,
Sappada,Friuli-Venezia Giulia,,
Soiano del Lago,Lombardy,,
Positano,Campania,,
San Vigilio,Lombardy,,
Padua,Veneto,,
San Giovanni al Natisone,Friuli-Venezia Giulia,,
Pettenasco,Piedmont,,
Lido di Jesolo,Veneto,,
Naples,Campania,,
Magliano Sabina,Lazio,,
Fermo,Marche,,
Rubano,Veneto,,
Milan,Lombardy,,
Modena,Emilia-Romagna,,
Racale,Apulia,,
San Pancrazio,Emilia-Romagna,,
Olgiate Olona,Lombardy,,
Bagnolo,Veneto,,
Lucca,Tuscany,,
Garda,Veneto,,
Vicomero di Torrile,Emilia-Romagna,,
Oliena,Sardinia,,
Verona,Veneto,,
Pegli,Liguria,,
Grumello del Monte,Lombardy,,
Savona,Liguria,,
Cetara,Campania,,
Milan,Lombardy,,
Polesine Parmense,Emilia-Romagna,,
Vallo della Lucania,Campania,,
Sant'Agata sui Due Golfi,Campania,,
Milan,Lombardy,,
Rome,Lazio,,
Fagnano Olona,Lombardy,,
Reggio Emilia,Emilia-Romagna,,
Argelato,Emilia-Romagna,,
Civitella Casanova,Abruzzo,,
Varese,Lombardy,,
Alghero,Sardinia,,
Milan,Lombardy,,
Forte dei Marmi,Tuscany,,
Vico Equense,Campania,,
Naples,Campania,,
Lusia,Veneto,,
Popoli,Abruzzo,,
Tricesimo,Friuli-Venezia Giulia,,
Milan,Lombardy,,
Taormina,Sicily,,
Sauris,Friuli-Venezia Giulia,,
Porto Cervo,Sardinia,,
Mortegliano,Friuli-Venezia Giulia,,
Milan,Lombardy,,
Rome,Lazio,,
Pantelleria,Sicily,,
Porto Ercole,Tuscany,,
Quistello,Lombardy,,
Riva del Garda,Trentino-South Tyrol,,
Milan,Lombardy,,
Col San Martino,Veneto,,
Cioccaro,Piedmont,,
Pietra Ligure,Liguria,,
Ventimiglia,Liguria,,
Senigallia,Marche,,
Paderno del Grappa,Veneto,,
Fontanafredda,Friuli-Venezia Giulia,,
Pantelleria,Sicily,,
Rome,Lazio,,
Spirano,Lombardy,,
Monza,Lombardy,,
Nola,Campania,,
Palermo,Sicily,,
Monfalcone,Friuli-Venezia Giulia,,
San Michele al Tagliamento,Veneto,,
Carloforte,Sardinia,,
Milan,Lombardy,,
Portofino,Liguria,,
Aosta,Aosta Valley,,
Florence,Tuscany,,
Positano,Campania,,
Santa Maria Annunziata,Campania,,
Nizza Monferrato,Piedmont,,
Pomezia,Lazio,,
Viareggio,Tuscany,,
Desenzano del Garda,Lombardy,,
Milan,Lombardy,,
Tortona,Piedmont,,
Isola di Capo Rizzuto,Calabria,,
Termini Imerese,Sicily,,
Santa Maria di Sala,Veneto,,
Riva del Garda,Trentino-South Tyrol,,
Turin,Piedmont,,
Massa Lubrense,Campania,,
Perugia,Umbria,,
Turin,Piedmont,,
Lavagna,Liguria,,
Gattinara,Piedmont,,
Gambolò,Lombardy,,
Milan,Lombardy,,
Milan,Lombardy,,
Lezzeno,Lombardy,,
Villandro,Trentino-South Tyrol,,
Lecce,Apulia,,
Sarche di Madruzzo,Trentino-South Tyrol,,
Salerno,Campania,,
Polignano a Mare,Apulia,,
Perugia,Umbria,,
Gavi,Piedmont,,
Savogna d'Isonzo,Friuli-Venezia Giulia,,
Origgio,Lombardy,,
Marina del Cantone,Campania,,
Positano,Campania,,
Spoleto,Umbria,,
Florence,Tuscany,,
Valmontone,Lazio,,
Levanto,Liguria,,
Sarturano,Emilia-Romagna,,
Trento,Trentino-South Tyrol,,
Milan,Lombardy,,
Palermo,Sicily,,
San Vito Chietino,Abruzzo,,
Venice,Veneto,,
Bologna,Emilia-Romagna,,
Gaiole in Chianti,Tuscany,,
Sanluri,Sardinia,,
Civitavecchia,Lazio,,
Marina di Grosseto,Tuscany,,
Viagrande,Sicily,,
Blevio,Lombardy,,
Lamezia Terme,Calabria,,
Brentonico,Trentino-South Tyrol,,
Palermo,Sicily,,
Torregrotta,Sicily,,
Turin,Piedmont,,
Naples,Campania,,
Modica,Sicily,,
Pizzo Calabro,Calabria,,
Catanzaro,Calabria,,
Soverato,Calabria,,
Mondovì,Piedmont,,
Asti,Piedmont,,
Castel Mella,Lombardy,,
Sulmona,Abruzzo,,
Gabicce Monte,Marche,,
San Giorgio di Valpolicella,Veneto,,
Telese,Campania,,
Manduria,Apulia,,
Ruffano,Apulia,,
Sienna,Tuscany,,
Florence,Tuscany,,
Vintl,Trentino-South Tyrol,,
Alba,Piedmont,,
Fornace,Trentino-South Tyrol,,
Perignano,Tuscany,,
Suzzara,Lombardy,,
Lucca,Tuscany,,
Genoa,Liguria,,
Fiera di Primiero,Trentino-South Tyrol,,
Genoa,Liguria,,
Caprino Veronese,Veneto,,
Moena,Trentino-South Tyrol,,
Panzano,Tuscany,,
Giulianova,Abruzzo,,
Cusago,Lombardy,,
Ventimiglia,Liguria,,
Chiavari,Liguria,,
Stradella,Lombardy,,
Milan,Lombardy,,
Minervino Murge,Apulia,,
Milan,Lombardy,,
Genoa,Liguria,,
Follonica,Tuscany,,
Florence,Tuscany,,
Trento,Trentino-South Tyrol,,
Genoa,Liguria,,
Sorisole,Lombardy,,
Ferrara,Emilia-Romagna,,
Gallarate,Lombardy,,
Nola,Campania,,
Pesaro,Marche,,
Lignano Sabbiadoro,Friuli-Venezia Giulia,,
Lancenigo,Veneto,,
Ponte a Moriano,Tuscany,,
Verona,Veneto,,
Rivergaro,Emilia-Romagna,,
Milan,Lombardy,,
Venaria Reale,Piedmont,,
Viceno,Piedmont,,
Florence,Tuscany,,
Rome,Lazio,,
Moena,Trentino-South Tyrol,,
Cavi di Lavagna,Liguria,,
Parma,Emilia-Romagna,,
Trecchina,Basilicata,,
Faenza,Emilia-Romagna,,
Modica,Sicily,,
Illasi,Veneto,,
Rivergaro,Emilia-Romagna,,
Castiglione delle Stiviere,Lombardy,,
Pergine Valsugana,Trentino-South Tyrol,,
Peschici,Apulia,,
Milan,Lombardy,,
Capannori,Tuscany,,
Sirmione,Lombardy,,
Moirago,Lombardy,,
Olbia,Sardinia,,
Rome,Lazio,,
Manerba del Garda,Lombardy,,
Longiano,Emilia-Romagna,,
Milan,Lombardy,,
Bologna,Emilia-Romagna,,
Venaria Reale,Piedmont,,
Induno Olona,Lombardy,,
Albairate,Lombardy,,
Cortona,Tuscany,,
Sirmione,Lombardy,,
Saint Lorenzen,Trentino-South Tyrol,,
Pedraces,Trentino-South Tyrol,,
Venice,Veneto,,
Appignano,Marche,,
Passignano,Tuscany,,
San Remo,Liguria,,
Turin,Piedmont,,
Paestum,Campania,,
Lama Mocogno,Emilia-Romagna,,
Milan,Lombardy,,
Trieste,Friuli-Venezia Giulia,,
Brunico,Trentino-South Tyrol,,
Fiorano Modenese,Emilia-Romagna,,
Montaldo Scarampi,Piedmont,,
Somma Vesuviana,Campania,,
Florence,Tuscany,,
Crotone,Calabria,,
Rivisondoli,Abruzzo,,
La Morra,Piedmont,,
Cusago,Lombardy,,
San Felice del Benaco,Lombardy,,
Matera,Basilicata,,
Saturnia,Tuscany,,
Rimini,Emilia-Romagna,,
Foiana,Trentino-South Tyrol,,
Monterosso al Mare,Liguria,,
Cetara,Campania,,
Menfi,Sicily,,
Milan,Lombardy,,
Santa Reparata,Sardinia,,
Pagazzano,Lombardy,,
Limone sul Garda,Lombardy,,
Treviso,Veneto,,
Alserio,Lombardy,,
Augusta,Sicily,,
Olbia,Sardinia,,
Sizzano,Piedmont,,
Pescocostanzo,Abruzzo,,
Pontelongo,Veneto,,
Montepulciano,Tuscany,,
Oneglia,Liguria,,
Sasso Marconi,Emilia-Romagna,,
Ruda,Friuli-Venezia Giulia,,
Gardone Riviera,Lombardy,,
San Giustino Valdarno,Tuscany,,
Ospedaletto d'Alpinolo,Campania,,
Bobbio,Emilia-Romagna,,
Turin,Piedmont,,
Seggiano,Tuscany,,
Grottaferrata,Lazio,,
Longiano,Emilia-Romagna,,
