term_id,term
0,kombucha
1,crouton
2,earthi
3,1693
4,forest
5,rapini
6,50m
7,lakesid
8,daniel
9,silent
10,suggest
11,mini
12,bianca
13,marostica
14,introduc
15,becam
16,twelv
17,gravi
18,trophi
19,bulk
20,vigilio
21,skil
22,form
23,predomin
24,riscoperta
25,inland
26,corniola
27,gabrielli
28,regret
29,sassari
30,punctual
31,ziantoni
32,gargioli
33,rovetta
34,fenoglio
35,sugar
36,marinara
37,eastern
38,thermal
39,sourc
40,piatto
41,funicular
42,minestra
43,alessandrina
44,tortonesi
45,torr
46,boffa
47,sculptur
48,noth
49,warm
50,nun
51,furnish
52,grate
53,sirenus
54,libera
55,superl
56,piev
57,cover
58,addit
59,chairman
60,marzio
61,rio
62,cake
63,arancina
64,slovenia
65,tribut
66,pranzo
67,vegan
68,stresa
69,anniversari
70,mirin
71,cabbag
72,menton
73,medici
74,regard
75,glamor
76,villani
77,profondo
78,chang
79,deep
80,feast
81,osti
82,vagu
83,wholem
84,garlic
85,quicker
86,matia
87,loss
88,tortellino
89,recip
90,heed
91,cantucci
92,maglio
93,fettuccin
94,improvis
95,romanesqu
96,cordero
97,canal
98,pet
99,trentacosti
100,casano
101,rho
102,mile
103,everyth
104,gastronom
105,mellino
106,dogg
107,genuin
108,philip
109,craftsmanship
110,chain
111,soon
112,ferri
113,result
114,granita
115,beacon
116,numer
117,venaria
118,abbrevi
119,stringi
120,exquisit
121,friendship
122,sontuosi
123,essenziali
124,pesticid
125,savarin
126,tantal
127,oasi
128,bit
129,subdu
130,stock
131,motiv
132,potato
133,spoleto
134,timeless
135,parlour
136,grower
137,palermo
138,cinema
139,organis
140,brainchild
141,jasmin
142,hélène
143,finocchiaro
144,albergo
145,au
146,chieppa
147,mozzarella
148,satisfact
149,idea
150,normal
151,lumira
152,luganega
153,penna
154,rivoli
155,santa
156,current
157,paper
158,chatgpt
159,ten
160,evoc
161,amphitheatr
162,pici
163,pink
164,window
165,1913
166,dairi
167,cason
168,lardo
169,visconti
170,drive
171,francica
172,parent
173,marko
174,juliet
175,unmistak
176,ident
177,color
178,umbertid
179,brezza
180,ilario
181,ingles
182,explain
183,uphold
184,blindfold
185,carpentri
186,claroni
187,padoan
188,gras
189,langosteria
190,part
191,bàcaro
192,menus
193,1
194,rino
195,appl
196,sei
197,seek
198,homag
199,howev
200,peninsula
201,circular
202,1am
203,pillow
204,ferrero
205,lack
206,scaligero
207,winckel
208,tomahawk
209,tray
210,manner
211,nearest
212,jelli
213,involtini
214,straight
215,break
216,us
217,concern
218,unit
219,spite
220,liner
221,1478
222,maximum
223,jewel
224,splash
225,trentino
226,display
227,even
228,basil
229,52
230,hummus
231,improv
232,facil
233,marzipan
234,violetta
235,gold
236,safari
237,archangel
238,crafun
239,substanc
240,provenç
241,caruso
242,mariella
243,cuneo
244,iron
245,aliv
246,path
247,tirtl
248,20c
249,svetoni
250,theme
251,screen
252,bravaccini
253,pock
254,chanc
255,ride
256,nourish
257,navona
258,lezzereni
259,solaria
260,rosita
261,sit
262,60km
263,renzi
264,28
265,cotta
266,entranc
267,mango
268,diner
269,acid
270,parisian
271,negrini
272,cedroni
273,lugano
274,fogolar
275,evan
276,though
277,scene
278,baracchi
279,way
280,pisarei
281,sensazioni
282,caponada
283,almost
284,antonio
285,rialto
286,nordic
287,cap
288,razor
289,stagion
290,partial
291,bruxaboschi
292,carta
293,faenza
294,100ha
295,convivi
296,missoltino
297,greet
298,addict
299,sard
300,straordinario
301,bino
302,spain
303,pete
304,niko
305,totano
306,laqua
307,elvira
308,alcov
309,whim
310,beet
311,fiorella
312,charleston
313,oro
314,yoji
315,germani
316,captiv
317,montecuccoli
318,conero
319,oxtail
320,crow
321,know
322,among
323,hair
324,malatesta
325,tang
326,chocol
327,agnolotti
328,mid
329,ercol
330,farra
331,slop
332,stigghiola
333,superb
334,gioconda
335,alta
336,prino
337,jar
338,coada
339,galaxi
340,gimignano
341,tre
342,levi
343,newest
344,burkhard
345,sous
346,albereta
347,broccoli
348,fort
349,california
350,scic
351,novemb
352,david
353,lover
354,nuov
355,utini
356,shape
357,nine
358,scorzonera
359,risorgimento
360,prestigi
361,salvator
362,1900
363,prophet
364,steiner
365,intellig
366,maicol
367,descent
368,randazzo
369,piemont
370,tasti
371,glam
372,gallo
373,lawn
374,broke
375,enterpris
376,gaze
377,kimchi
378,par
379,lane
380,perpetu
381,reconnect
382,alik
383,photographi
384,ricchebuono
385,candlelit
386,perus
387,raf
388,beck
389,cajinci
390,crème
391,biscuit
392,129
393,vastes
394,receiv
395,sector
396,carrozza
397,grown
398,power
399,1804
400,underlin
401,cane
402,tataki
403,brazier
404,sannio
405,autunno
406,less
407,hintner
408,lengthway
409,barn
410,hike
411,morer
412,troccoli
413,worker
414,lillybet
415,apricot
416,replac
417,1992
418,bonbon
419,narrowest
420,villoresi
421,shade
422,affect
423,assist
424,erminio
425,elm
426,pinerolo
427,dv
428,burano
429,doronzo
430,cramp
431,moor
432,puglian
433,unforgett
434,extern
435,fossombron
436,voce
437,palmi
438,150
439,antico
440,quit
441,eugenio
442,stonework
443,ascent
444,tuff
445,camilla
446,pomposa
447,aviano
448,mugo
449,pasqual
450,flurin
451,lucera
452,add
453,burn
454,montebor
455,gualtiero
456,unesco
457,marca
458,raspberri
459,fabric
460,coxinendi
461,garibaldi
462,glimps
463,pare
464,cappuccino
465,mari
466,refug
467,train
468,granit
469,sprout
470,paramount
471,mt
472,dress
473,tell
474,spinach
475,mani
476,celebr
477,guancialino
478,christian
479,maezza
480,influenc
481,imagin
482,sitzigorrus
483,situat
484,timbal
485,doorway
486,alleyway
487,look
488,ad
489,valdestali
490,mentor
491,giardiniera
492,suvereto
493,pietro
494,venu
495,knit
496,domodossola
497,campanian
498,floriano
499,silhavì
500,song
501,italo
502,genoves
503,pina
504,narrow
505,hearti
506,warn
507,aquila
508,velouté
509,dolomieu
510,lodg
511,taratatà
512,60s
513,gastronomi
514,1954
515,mislead
516,wrong
517,raft
518,sagrestia
519,beat
520,flower
521,matteo
522,may
523,champagneria
524,engag
525,teriyaki
526,london
527,discuss
528,céres
529,fat
530,vittorio
531,tropea
532,struck
533,marc
534,much
535,alciati
536,unusu
537,delicaci
538,chardonnay
539,1370
540,class
541,suspend
542,fruit
543,cut
544,glad
545,record
546,waffl
547,sergeev
548,irpinia
549,li
550,7am
551,marotta
552,earth
553,term
554,amaz
555,tailor
556,thousand
557,gatto
558,extend
559,settembr
560,raia
561,excelsior
562,santi
563,bartoli
564,nuzzo
565,nikita
566,ambienti
567,annarumma
568,piero
569,mansion
570,bouillabaiss
571,bound
572,adriat
573,21
574,repertoir
575,run
576,novara
577,poultri
578,nù
579,question
580,locatello
581,alighiero
582,radetzki
583,worthi
584,raffael
585,carnaghi
586,battisti
587,noto
588,fact
589,abbazia
590,gong
591,ancestor
592,annamaria
593,forti
594,calabria
595,admit
596,journey
597,overse
598,castraur
599,bernes
600,università
601,indigo
602,1947
603,daniela
604,bartolucci
605,souvenir
606,cavalieri
607,pasta
608,colombia
609,smoki
610,saporito
611,seneca
612,piccini
613,zuppa
614,tommaso
615,ripetta
616,pure
617,fairi
618,like
619,motto
620,insid
621,applaus
622,1933
623,brother
624,intoler
625,pour
626,sottovoc
627,indic
628,wellington
629,guida
630,h
631,rome
632,sciò
633,rememb
634,annurca
635,given
636,brunch
637,vegetariano
638,lanzagallo
639,ossola
640,pachino
641,clue
642,long
643,horsemeat
644,gagini
645,marcelin
646,barral
647,charg
648,meati
649,vermentino
650,confin
651,frammenti
652,tuscani
653,montal
654,millston
655,chip
656,capitaneo
657,biolo
658,indoor
659,maîtr
660,dallamano
661,drape
662,vedel
663,galtarossa
664,twentieth
665,mausoleum
666,conjur
667,mandura
668,bue
669,sesam
670,quel
671,500m
672,worth
673,savoy
674,1910
675,would
676,sawmil
677,purpos
678,reach
679,cerrato
680,fatjon
681,costarella
682,massucco
683,de
684,orientali
685,stile
686,inform
687,desir
688,short
689,cala
690,nicolò
691,evapor
692,revisit
693,hilltop
694,mazzaroni
695,fortana
696,gaetano
697,berico
698,surfboard
699,mexican
700,warhol
701,tortellini
702,1968
703,bread
704,proto
705,dark
706,tower
707,intorcia
708,moscato
709,welcom
710,hazama
711,catucci
712,pontino
713,franca
714,picturesqu
715,lanza
716,agavi
717,inde
718,integr
719,vicina
720,gatti
721,southernmost
722,ember
723,nobl
724,splendid
725,ceramist
726,isid
727,pollino
728,friggitello
729,archaeolog
730,roberto
731,willing
732,process
733,fellow
734,type
735,ann
736,esperienz
737,peru
738,fail
739,temporari
740,ducal
741,rossella
742,pergin
743,vie
744,anita
745,cerreta
746,flourish
747,sakai
748,raviolo
749,caper
750,dens
751,valsassina
752,fortunato
753,mazzini
754,arrigoni
755,inedita
756,bed
757,across
758,150th
759,eleph
760,vite
761,shark
762,still
763,therapi
764,masala
765,heard
766,stelvio
767,actual
768,trastever
769,1mq
770,fiamma
771,persuad
772,togeth
773,begin
774,lush
775,punt
776,provolon
777,maker
778,suili
779,colucci
780,sensit
781,origin
782,boil
783,shadi
784,bagni
785,pari
786,come
787,fusillon
788,camaldoli
789,fonduta
790,bottagisio
791,bechamel
792,adènzia
793,mention
794,bruzzon
795,arch
796,ceil
797,misto
798,someth
799,sacco
800,marzullo
801,franciacorta
802,salvo
803,wineri
804,parkland
805,fabrizio
806,buzara
807,grandi
808,skewer
809,convert
810,romagna
811,majolica
812,gazebo
813,campo
814,vaiani
815,fishmong
816,open
817,vinegar
818,barbaresco
819,newer
820,vertigin
821,side
822,tire
823,walk
824,wheat
825,enough
826,schlutzkrapfen
827,inmat
828,incompar
829,fanci
830,hard
831,nearbi
832,indian
833,flavia
834,prison
835,albertina
836,piemontes
837,uninterest
838,dice
839,tavolara
840,execut
841,cristina
842,reloc
843,vision
844,perata
845,mushroom
846,mancino
847,game
848,pievasciata
849,pine
850,lugagnano
851,fune
852,venosa
853,welfar
854,essenti
855,muro
856,torri
857,entrust
858,galli
859,cantarelli
860,progress
861,easi
862,chargril
863,hop
864,reserv
865,moro
866,regular
867,crippa
868,minnuzza
869,misurina
870,alpeggio
871,sirmion
872,complic
873,amaro
874,christoph
875,privat
876,influenti
877,shone
878,hope
879,vipiteno
880,cacciani
881,vial
882,ugolotti
883,jamantè
884,partner
885,tild
886,bandwagon
887,caputo
888,precious
889,lankan
890,oili
891,adapt
892,gâteau
893,cuoco
894,aic
895,pontoon
896,altamura
897,four
898,ciro
899,ahimé
900,chicco
901,bellagio
902,triangl
903,nod
904,milano
905,ravello
906,sfincion
907,outset
908,va
909,bustl
910,child
911,ban
912,1912
913,citi
914,abound
915,fabbrica
916,mario
917,foot
918,start
919,translat
920,attach
921,ethnic
922,limonaia
923,dietro
924,20menu
925,sinuous
926,background
927,matur
928,macer
929,involtino
930,intensifi
931,flask
932,senes
933,leas
934,herculaneum
935,gianfranco
936,armi
937,asou
938,vine
939,lean
940,betray
941,bouch
942,boutiqu
943,contemporanea
944,tidi
945,self
946,affogato
947,midday
948,cutlet
949,8pm
950,real
951,ricchebono
952,sheepfold
953,chat
954,suppli
955,rug
956,brazilian
957,caravaggio
958,sashimi
959,collin
960,hint
961,away
962,imag
963,reduc
964,migrant
965,commend
966,sotto
967,project
968,piedi
969,meticul
970,fondovall
971,dogfish
972,accommod
973,blaze
974,nonno
975,academi
976,flagship
977,agostini
978,shrub
979,risen
980,simplic
981,especi
982,local
983,sooth
984,maremma
985,excel
986,sbrisolona
987,unsuccess
988,bress
989,chickpea
990,cavallino
991,loung
992,silvestro
993,luri
994,porta
995,23
996,nicastro
997,porchetta
998,dashi
999,gyoza
1000,rare
1001,sensori
1002,gondola
1003,payabl
1004,società
1005,morello
1006,croton
1007,leocorno
1008,trend
1009,fertil
1010,brick
1011,studio
1012,odyssey
1013,whole
1014,evangelista
1015,madoni
1016,bid
1017,anchovi
1018,minimum
1019,currant
1020,scottish
1021,solar
1022,clime
1023,compet
1024,pig
1025,francesco
1026,depot
1027,villa
1028,basso
1029,canzian
1030,tomber
1031,coloni
1032,morelli
1033,sens
1034,street
1035,former
1036,necessari
1037,prioritis
1038,close
1039,net
1040,belong
1041,pupil
1042,bergeretto
1043,twin
1044,sassoferrato
1045,popular
1046,cv
1047,carrega
1048,colombano
1049,lanss
1050,forth
1051,vico
1052,time
1053,norma
1054,cilento
1055,oleand
1056,passion
1057,cervia
1058,sold
1059,bewar
1060,limit
1061,berton
1062,tentacl
1063,fagon
1064,calderino
1065,maison
1066,rubik
1067,bra
1068,stravecchio
1069,culmin
1070,apennin
1071,stray
1072,mollica
1073,piano
1074,courtyard
1075,anolini
1076,cassoeula
1077,padova
1078,brindo
1079,calf
1080,ravarotto
1081,sardinia
1082,cicetta
1083,imperator
1084,lee
1085,ionio
1086,elena
1087,cahssai
1088,hagen
1089,ox
1090,macaroni
1091,contribut
1092,catia
1093,hazel
1094,combin
1095,rein
1096,scamardella
1097,1717
1098,tita
1099,calm
1100,banal
1101,mangiala
1102,ortigia
1103,excit
1104,vast
1105,chicken
1106,pop
1107,infus
1108,passioni
1109,refrigeri
1110,filia
1111,burnt
1112,byron
1113,danc
1114,1995
1115,sweden
1116,ship
1117,enter
1118,miniato
1119,moder
1120,particolar
1121,temperatur
1122,2019
1123,nobiltà
1124,meat
1125,ça
1126,mio
1127,migliaccio
1128,menegaldo
1129,level
1130,wander
1131,trabetti
1132,peci
1133,corteccia
1134,tyrol
1135,doubl
1136,floor
1137,campania
1138,quantiti
1139,pheasant
1140,nina
1141,verdi
1142,freshwat
1143,guà
1144,technic
1145,termini
1146,anchor
1147,deconsecr
1148,senigallia
1149,object
1150,1997
1151,bellini
1152,cloister
1153,nikkei
1154,flee
1155,aurina
1156,bake
1157,smeraldo
1158,feria
1159,altro
1160,bianco
1161,seat
1162,pike
1163,stranger
1164,chiefli
1165,nebrodi
1166,attempt
1167,roberta
1168,vistamar
1169,baita
1170,innov
1171,apostl
1172,pescocostanzo
1173,leopoldo
1174,raphaël
1175,risotto
1176,santo
1177,traffic
1178,tirtlan
1179,piatti
1180,bus
1181,affido
1182,abund
1183,signal
1184,bitter
1185,rosemari
1186,cipolla
1187,rebuilt
1188,blasio
1189,savio
1190,father
1191,palomba
1192,chicori
1193,porto
1194,toast
1195,virgilio
1196,scordo
1197,fishhead
1198,breeder
1199,littl
1200,scarpetta
1201,therefor
1202,michel
1203,versilia
1204,pacif
1205,spectrum
1206,condit
1207,harvest
1208,pennisi
1209,tunnel
1210,corvara
1211,rapolano
1212,unfussi
1213,revolutionari
1214,auster
1215,scarallo
1216,asparagus
1217,savô
1218,lele
1219,museum
1220,reward
1221,rustic
1222,nemi
1223,garattoni
1224,cours
1225,linguin
1226,2015
1227,bistrot
1228,1882
1229,94
1230,patienc
1231,declinata
1232,potì
1233,gioia
1234,banner
1235,fondaco
1236,2018
1237,eye
1238,tandoori
1239,grano
1240,restaur
1241,kitchen
1242,pave
1243,testaccio
1244,alreadi
1245,greater
1246,hors
1247,zone
1248,allus
1249,crisci
1250,flake
1251,samphir
1252,bluh
1253,bad
1254,worthwhil
1255,aroma
1256,federico
1257,larg
1258,piacentin
1259,morn
1260,oyster
1261,scrupul
1262,enclav
1263,finger
1264,entitl
1265,honest
1266,follow
1267,soy
1268,fiera
1269,bunet
1270,senal
1271,saddl
1272,crown
1273,chaotic
1274,sauvignon
1275,whitefish
1276,kelp
1277,tagliata
1278,volumnia
1279,thought
1280,precis
1281,remot
1282,park
1283,easter
1284,camia
1285,thing
1286,lucchesi
1287,pizza
1288,rex
1289,poor
1290,gate
1291,windsor
1292,domin
1293,act
1294,merlo
1295,scampi
1296,chi
1297,murgia
1298,paulo
1299,blumenstub
1300,bottarga
1301,cart
1302,romano
1303,hibiscus
1304,brogna
1305,passard
1306,embellish
1307,morsi
1308,bandi
1309,dwell
1310,adami
1311,stay
1312,11
1313,calamaro
1314,carrara
1315,nostalg
1316,restrict
1317,siracusa
1318,spell
1319,glorenza
1320,countrysid
1321,railway
1322,rampina
1323,spezial
1324,pick
1325,resort
1326,trasimeno
1327,spilimbergo
1328,along
1329,savoia
1330,berghotel
1331,kelina
1332,roero
1333,cross
1334,napoli
1335,fisichella
1336,fix
1337,anna
1338,carpigiani
1339,1614
1340,ambassador
1341,dio
1342,equa
1343,radici
1344,perciasacchi
1345,800m
1346,spread
1347,coratella
1348,proietti
1349,façad
1350,carricant
1351,sangioves
1352,alfresco
1353,rimini
1354,sow
1355,guinea
1356,connoisseur
1357,eatali
1358,sacristi
1359,low
1360,cracco
1361,sappada
1362,sala
1363,kuccagna
1364,varena
1365,monviso
1366,downhil
1367,marubini
1368,bacari
1369,gardena
1370,highest
1371,barley
1372,permit
1373,montefusco
1374,10
1375,querc
1376,grual
1377,spin
1378,100m
1379,relazioni
1380,castelmagno
1381,expect
1382,spaniard
1383,chapel
1384,elderberri
1385,word
1386,impos
1387,inspir
1388,basi
1389,exampl
1390,uninterrupt
1391,baretto
1392,smile
1393,caned
1394,luppi
1395,stara
1396,price
1397,vilòn
1398,brugiano
1399,ghedini
1400,spring
1401,babi
1402,connect
1403,neighborhood
1404,padano
1405,twenti
1406,manuelina
1407,non
1408,prato
1409,rolli
1410,vezzani
1411,convey
1412,shred
1413,miteco
1414,premis
1415,offer
1416,madr
1417,è
1418,kevin
1419,panissa
1420,loprior
1421,di
1422,adult
1423,aid
1424,chalk
1425,friday
1426,notch
1427,track
1428,11pm
1429,frequent
1430,palac
1431,chequer
1432,palladiana
1433,code
1434,cerreto
1435,ecuador
1436,onto
1437,fifteen
1438,cri
1439,till
1440,fogher
1441,pompanin
1442,casolèt
1443,nerina
1444,gae
1445,gastrosteria
1446,older
1447,bolognina
1448,accumul
1449,lomellina
1450,abbruzzino
1451,determin
1452,osashimi
1453,agnes
1454,colleagu
1455,landmark
1456,tivoli
1457,bucol
1458,minori
1459,propos
1460,consolata
1461,pizzeria
1462,aya
1463,burgundi
1464,riso
1465,3ha
1466,conveni
1467,madama
1468,lavazza
1469,lagunamar
1470,sorrentin
1471,zaki
1472,chianti
1473,30
1474,volcano
1475,saffron
1476,maiella
1477,encompass
1478,belveder
1479,shine
1480,buckwheat
1481,proprietor
1482,offal
1483,terracina
1484,manufactur
1485,whose
1486,sicilia
1487,happi
1488,spill
1489,vari
1490,contemporan
1491,tench
1492,capitano
1493,mincio
1494,environ
1495,quick
1496,character
1497,icehous
1498,fortun
1499,marchesi
1500,evolv
1501,bolgheri
1502,mysteri
1503,foie
1504,1991
1505,sculptor
1506,84
1507,apostolo
1508,roofbeam
1509,vino
1510,chjùbica
1511,either
1512,aeolian
1513,favignana
1514,granaio
1515,sulmona
1516,godia
1517,dire
1518,romani
1519,virginia
1520,cavour
1521,1958
1522,hot
1523,18c
1524,kaiseki
1525,banco
1526,daylight
1527,horatio
1528,rò
1529,paves
1530,entir
1531,donei
1532,lakefront
1533,ztl
1534,bocca
1535,forst
1536,honor
1537,royal
1538,mould
1539,toni
1540,scallop
1541,dop
1542,idylio
1543,count
1544,spice
1545,savona
1546,mosaic
1547,peposo
1548,contact
1549,dialogu
1550,wasabi
1551,livia
1552,supervis
1553,fasolato
1554,cagliari
1555,settl
1556,pillar
1557,metullio
1558,stabl
1559,sri
1560,kidney
1561,tuscan
1562,hostelri
1563,scomponibili
1564,rest
1565,bone
1566,peasant
1567,à
1568,bruno
1569,mayb
1570,parmigiana
1571,aioli
1572,link
1573,thank
1574,ristorant
1575,nissen
1576,golfi
1577,catalogu
1578,drawer
1579,split
1580,boglioli
1581,artisti
1582,ascani
1583,agro
1584,episod
1585,typic
1586,pistachio
1587,inter
1588,umbrin
1589,grottino
1590,paccheri
1591,give
1592,1994
1593,practic
1594,realiti
1595,map
1596,pont
1597,st
1598,gigant
1599,carignano
1600,view
1601,discoveri
1602,genoveffa
1603,varignana
1604,undergon
1605,bordighera
1606,brera
1607,eugenia
1608,detail
1609,nobless
1610,amerigo
1611,canella
1612,river
1613,nduja
1614,daunt
1615,rita
1616,valu
1617,architectur
1618,sa
1619,protect
1620,declar
1621,gainn
1622,terri
1623,upper
1624,manuela
1625,petal
1626,amor
1627,tyrolean
1628,ostiens
1629,confection
1630,salt
1631,ferrares
1632,flight
1633,beauti
1634,amici
1635,note
1636,bassano
1637,bresaola
1638,gnocchi
1639,spezia
1640,bitto
1641,gusto
1642,cervo
1643,splendour
1644,na
1645,nois
1646,isabella
1647,exist
1648,sopa
1649,busier
1650,primit
1651,peac
1652,lionetti
1653,palazzi
1654,alain
1655,ugento
1656,bistrò
1657,fortif
1658,deliv
1659,quintessenti
1660,necessarili
1661,spaghetto
1662,land
1663,whelk
1664,gracious
1665,crenel
1666,reli
1667,neck
1668,southern
1669,brixen
1670,dent
1671,niccolò
1672,torchiettibistro
1673,gabicc
1674,paint
1675,festiv
1676,cow
1677,grenier
1678,boè
1679,personalis
1680,proverbi
1681,ciccioli
1682,section
1683,espelett
1684,instruct
1685,shortest
1686,anch
1687,veal
1688,busiest
1689,3
1690,pompeo
1691,alba
1692,lili
1693,eventu
1694,schio
1695,mist
1696,mazzoleni
1697,porceddu
1698,1895
1699,afternoon
1700,alghero
1701,round
1702,imprezios
1703,feuerstein
1704,rum
1705,problem
1706,leaf
1707,gasthaus
1708,zecchin
1709,known
1710,agnelli
1711,lopez
1712,melania
1713,cardi
1714,shellfish
1715,theatric
1716,scialatielli
1717,marin
1718,basin
1719,wife
1720,adorn
1721,bringoli
1722,chantant
1723,cost
1724,isarco
1725,hurri
1726,breath
1727,adher
1728,aloi
1729,ortisei
1730,vista
1731,boulder
1732,reflect
1733,event
1734,origini
1735,monferrini
1736,chiesa
1737,hero
1738,brasato
1739,roe
1740,produttori
1741,savouri
1742,swim
1743,smoker
1744,caught
1745,nineteenth
1746,maintain
1747,inevit
1748,cousin
1749,outcrop
1750,acciderba
1751,prosecco
1752,pùzali
1753,geograph
1754,sofa
1755,crusko
1756,harbour
1757,whichev
1758,550m
1759,torregrotta
1760,profici
1761,interpret
1762,cherri
1763,albavilla
1764,vescovado
1765,scoprir
1766,tragara
1767,classi
1768,santino
1769,wide
1770,shelter
1771,vulcanello
1772,supplement
1773,rizzo
1774,homeland
1775,textil
1776,sound
1777,grandios
1778,san
1779,ciociara
1780,longhini
1781,holzner
1782,caterina
1783,laurel
1784,vivalda
1785,mustard
1786,driver
1787,savor
1788,spaccanapoli
1789,dash
1790,mantua
1791,nostri
1792,attent
1793,ferretto
1794,heiss
1795,theoret
1796,namelaka
1797,gnocchetti
1798,hold
1799,select
1800,kaluga
1801,itali
1802,della
1803,outbuild
1804,puccini
1805,cellar
1806,signorini
1807,abruzzi
1808,abil
1809,took
1810,vinaigrett
1811,colleoni
1812,stuffi
1813,medium
1814,ordinari
1815,fatti
1816,photograph
1817,alla
1818,gola
1819,gurnard
1820,spellbound
1821,molis
1822,attimi
1823,borgo
1824,spectacl
1825,arborina
1826,abat
1827,mayr
1828,1926
1829,emerg
1830,viaggi
1831,copper
1832,frothi
1833,maurilio
1834,metronom
1835,portico
1836,scalera
1837,bisqu
1838,benedetto
1839,focaccia
1840,plateau
1841,schito
1842,luca
1843,micro
1844,shoot
1845,export
1846,dish
1847,inspector
1848,1973
1849,cacer
1850,fri
1851,gipponi
1852,100
1853,vinei
1854,salar
1855,format
1856,star
1857,complement
1858,somma
1859,sicignano
1860,sunni
1861,genova
1862,oristano
1863,oltrepò
1864,pantheon
1865,nephew
1866,urchin
1867,explod
1868,valentina
1869,ss13
1870,300m
1871,buffalo
1872,philipp
1873,casamicciola
1874,barbanera
1875,rizz
1876,recco
1877,agre
1878,verit
1879,campanella
1880,meroi
1881,restaurateur
1882,mandarin
1883,arso
1884,natura
1885,barbecu
1886,proposta
1887,cippi
1888,thoma
1889,ameno
1890,verdur
1891,black
1892,carrot
1893,made
1894,trulli
1895,fossaceca
1896,otherwis
1897,free
1898,children
1899,oliv
1900,frill
1901,eclect
1902,piccola
1903,dim
1904,yet
1905,life
1906,shitak
1907,pancotto
1908,spa
1909,rieti
1910,planet
1911,pretti
1912,cicada
1913,bagheria
1914,nardini
1915,height
1916,outing
1917,cicognolo
1918,vesta
1919,verbano
1920,observ
1921,unnecessari
1922,council
1923,ciotti
1924,erbazzon
1925,mint
1926,australia
1927,courgett
1928,tyrrhenian
1929,1903
1930,400m
1931,secondi
1932,groceri
1933,sfogliatina
1934,mascarpon
1935,cerami
1936,african
1937,blend
1938,condo
1939,luxuri
1940,delta
1941,leather
1942,privaci
1943,linger
1944,ribollita
1945,uliassi
1946,oglio
1947,annex
1948,quattro
1949,200th
1950,hallmark
1951,burrida
1952,tini
1953,shallot
1954,granddaught
1955,castelvecchio
1956,transport
1957,nutmeg
1958,bassetti
1959,perez
1960,laurin
1961,delicatessen
1962,stockfish
1963,exit
1964,villag
1965,em
1966,boat
1967,glass
1968,baron
1969,anthoni
1970,principl
1971,arva
1972,nazzarena
1973,unknown
1974,imbu
1975,dal
1976,pietra
1977,salad
1978,antinori
1979,così
1980,shiroya
1981,parsley
1982,nonna
1983,diario
1984,liquoric
1985,1927
1986,least
1987,gulf
1988,prebugiun
1989,embrac
1990,jetti
1991,kind
1992,lo
1993,chitarra
1994,capo
1995,picagg
1996,stapl
1997,parker
1998,rough
1999,supper
2000,diffuso
2001,movement
2002,husband
2003,walnut
2004,udin
2005,pasquo
2006,ottima
2007,fare
2008,feltrinelli
2009,major
2010,asina
2011,gemma
2012,find
2013,rivarola
2014,montefollonico
2015,hesit
2016,join
2017,ala
2018,matilda
2019,zabaion
2020,piselli
2021,umbria
2022,può
2023,birthplac
2024,gerani
2025,scotti
2026,castel
2027,flow
2028,romeo
2029,done
2030,synonym
2031,baciadonn
2032,monk
2033,baldo
2034,smallest
2035,arnei
2036,discreet
2037,reggiana
2038,front
2039,pride
2040,b
2041,backlit
2042,centocell
2043,toffe
2044,oldest
2045,dolom
2046,fig
2047,test
2048,gilberto
2049,thirti
2050,chioccia
2051,arriv
2052,rispoli
2053,tavern
2054,calabres
2055,breccia
2056,pordenon
2057,pak
2058,margherita
2059,robuchon
2060,farmstead
2061,deliber
2062,wallpap
2063,lesina
2064,turnip
2065,staircas
2066,disappear
2067,advantag
2068,redecor
2069,2024quarto
2070,hosteria
2071,dorona
2072,ingalera
2073,1967
2074,2014
2075,civitella
2076,reviv
2077,militari
2078,nogher
2079,whiski
2080,bowl
2081,riva
2082,brown
2083,realis
2084,entic
2085,nunzio
2086,task
2087,pipero
2088,ethic
2089,cerver
2090,folli
2091,magnolia
2092,es
2093,dsquared2
2094,scottona
2095,enorm
2096,unpretenti
2097,agnoli
2098,occhio
2099,west
2100,pallon
2101,breadcrumb
2102,superbl
2103,xx
2104,paolo
2105,terlano
2106,tonola
2107,lombardian
2108,enbogonè
2109,leopardi
2110,bolzano
2111,molo
2112,aosta
2113,1930
2114,mancini
2115,quarter
2116,genoa
2117,perla
2118,seafront
2119,race
2120,pezzuto
2121,herbal
2122,mood
2123,annarita
2124,maschio
2125,stilt
2126,marcello
2127,perhap
2128,guesthous
2129,research
2130,potent
2131,leccarda
2132,gremolata
2133,ground
2134,vale
2135,tondo
2136,cervinia
2137,strict
2138,giovanni
2139,employe
2140,butter
2141,oltr
2142,capac
2143,tortuga
2144,liberti
2145,pablo
2146,aperto
2147,fossa
2148,dusti
2149,afield
2150,chanterell
2151,oseleta
2152,bench
2153,mazara
2154,stage
2155,ventur
2156,regina
2157,fumiko
2158,mahogani
2159,capit
2160,histori
2161,breda
2162,sip
2163,fit
2164,hospit
2165,palat
2166,carlo
2167,juke
2168,idyl
2169,lemon
2170,elba
2171,omelett
2172,robust
2173,leek
2174,berruti
2175,tourism
2176,soufflé
2177,lagrein
2178,camomil
2179,pitosforo
2180,foothil
2181,beam
2182,merchant
2183,liter
2184,pansotti
2185,carv
2186,bassi
2187,13c
2188,will
2189,caluso
2190,kuroda
2191,marco
2192,camillo
2193,carriag
2194,andrea
2195,besana
2196,cypress
2197,tantri
2198,dello
2199,skylin
2200,pleas
2201,piadin
2202,giandomenico
2203,next
2204,spatula
2205,size
2206,sagramoso
2207,viviana
2208,mission
2209,alcherm
2210,consumpt
2211,caponata
2212,firework
2213,forgiv
2214,sosta
2215,francon
2216,rocco
2217,line
2218,spheric
2219,guest
2220,70
2221,pepe
2222,brutto
2223,saporium
2224,span
2225,naturalité
2226,rhône
2227,turin
2228,samboseto
2229,lifestyl
2230,provenc
2231,biafora
2232,guancial
2233,busa
2234,occhiovivo
2235,squid
2236,fino
2237,page
2238,barbera
2239,sangro
2240,waiter
2241,1695
2242,corn
2243,roast
2244,vault
2245,ribey
2246,five
2247,heritag
2248,consorzio
2249,evelyn
2250,go
2251,cavales
2252,tend
2253,gianni
2254,15
2255,element
2256,elia
2257,urban
2258,shorelin
2259,carmelo
2260,produc
2261,often
2262,peanut
2263,altrettanto
2264,stone
2265,parallel
2266,andi
2267,deco
2268,c
2269,forag
2270,acereta
2271,15c
2272,sleep
2273,envisag
2274,panna
2275,lapland
2276,ragù
2277,accept
2278,vegetal
2279,place
2280,simpler
2281,ravioli
2282,convers
2283,drink
2284,broader
2285,nuova
2286,late
2287,toledo
2288,munzillo
2289,adrià
2290,brais
2291,muscat
2292,outlet
2293,becom
2294,congeni
2295,prawn
2296,makeov
2297,memorabilia
2298,antonini
2299,guidi
2300,merano
2301,rye
2302,melt
2303,montanara
2304,nel
2305,quieter
2306,dell
2307,papaya
2308,kebab
2309,pisani
2310,besid
2311,patrignano
2312,haller
2313,iannotti
2314,bosco
2315,georg
2316,venic
2317,pastiera
2318,psych
2319,role
2320,mountain
2321,alcohol
2322,januari
2323,authent
2324,aragones
2325,pazientina
2326,ravenna
2327,reclam
2328,fold
2329,grouper
2330,pico
2331,cardelli
2332,ciauscolo
2333,nervi
2334,japanes
2335,car
2336,tireless
2337,salento
2338,golden
2339,facet
2340,semicircular
2341,ronchi
2342,robiola
2343,laera
2344,spectacular
2345,35min
2346,isol
2347,baiocco
2348,treat
2349,gambino
2350,rang
2351,imperi
2352,mix
2353,direct
2354,typifi
2355,lucio
2356,lot
2357,rapa
2358,tasso
2359,cannaregio
2360,cube
2361,belov
2362,serendipico
2363,sustain
2364,eccentr
2365,cembra
2366,delic
2367,opportun
2368,bravo
2369,rosehip
2370,roma
2371,palai
2372,lombardo
2373,venosta
2374,tiberini
2375,expon
2376,tenet
2377,ciclopi
2378,guggenheim
2379,tenaci
2380,ladinia
2381,vittorial
2382,blu
2383,clock
2384,hosomaki
2385,chimichurri
2386,noodl
2387,nav
2388,puff
2389,tenor
2390,cander
2391,lookout
2392,puntarell
2393,1987
2394,marmi
2395,flere
2396,definit
2397,sylvan
2398,nut
2399,salina
2400,oberwirt
2401,como
2402,fiori
2403,outsid
2404,angioino
2405,manti
2406,led
2407,baganza
2408,valsugana
2409,archestrato
2410,signora
2411,ionian
2412,aesthet
2413,usai
2414,stracchino
2415,emuls
2416,chair
2417,exact
2418,handwritten
2419,leoluca
2420,lai
2421,graziano
2422,lui
2423,napolitan
2424,consortium
2425,borlotti
2426,ochr
2427,dobbiaco
2428,troop
2429,fiordaliso
2430,aretusi
2431,norbert
2432,workshop
2433,shoulder
2434,ripen
2435,sergio
2436,requir
2437,asiago
2438,informal
2439,liveli
2440,mutuo
2441,seta
2442,sfogli
2443,kong
2444,metallifer
2445,gondolieri
2446,marcelli
2447,buca
2448,1939
2449,otto
2450,costa
2451,flavio
2452,gabriel
2453,alley
2454,establish
2455,catfish
2456,filò
2457,candi
2458,immens
2459,vegetarian
2460,ateli
2461,cement
2462,rainer
2463,enthusiasm
2464,sabino
2465,clitunno
2466,teatro
2467,satoshi
2468,livorno
2469,martino
2470,afraid
2471,alemb
2472,borsa
2473,rediscov
2474,chemic
2475,generat
2476,portofino
2477,1704
2478,1250
2479,maltagliati
2480,birth
2481,capres
2482,marzano
2483,tubladel
2484,nowaday
2485,motorway
2486,pensando
2487,dario
2488,sophist
2489,rich
2490,impecc
2491,gaudenzio
2492,feltrin
2493,ingiulla
2494,salomon
2495,perbellini
2496,scottadito
2497,high
2498,fowl
2499,issa
2500,dot
2501,taverna
2502,vibo
2503,higher
2504,enthusiast
2505,apart
2506,silva
2507,summaris
2508,duchess
2509,pavan
2510,patagonian
2511,fresco
2512,palumbo
2513,dalla
2514,porcini
2515,nostr
2516,bubbl
2517,naviglio
2518,paid
2519,deeper
2520,candlelight
2521,honey
2522,somewher
2523,upon
2524,captur
2525,ivano
2526,promis
2527,athlet
2528,friend
2529,bonfadini
2530,e
2531,treasur
2532,adriano
2533,affinita
2534,vegetali
2535,pay
2536,celeriac
2537,antechamb
2538,vicentina
2539,risoni
2540,unspoilt
2541,interact
2542,belt
2543,mano
2544,mundo
2545,cotton
2546,scenic
2547,easier
2548,renaiss
2549,built
2550,forgotten
2551,neglect
2552,recycl
2553,sushi
2554,recreat
2555,impero
2556,home
2557,stall
2558,torrisi
2559,month
2560,20km
2561,lessinia
2562,preposit
2563,fast
2564,carrello
2565,toward
2566,money
2567,liquid
2568,opra
2569,belli
2570,pralin
2571,guado
2572,writer
2573,underst
2574,viu
2575,mouthwat
2576,hoteli
2577,maccheroni
2578,acquerello
2579,wrought
2580,travertin
2581,truer
2582,moi
2583,fishbon
2584,slaughterhous
2585,tombola
2586,goe
2587,win
2588,sbira
2589,quinson
2590,stylish
2591,sansepolcro
2592,laundri
2593,full
2594,import
2595,evid
2596,prepar
2597,center
2598,sempion
2599,canino
2600,concentr
2601,recharg
2602,sesso
2603,latin
2604,grain
2605,bottura
2606,concattedral
2607,australian
2608,hewn
2609,ancona
2610,romant
2611,torron
2612,baba
2613,alkerm
2614,handmad
2615,tedeschi
2616,erba
2617,area
2618,modernis
2619,coupl
2620,flaiano
2621,giacomo
2622,faith
2623,maturato
2624,cornic
2625,sapid
2626,valuabl
2627,controversi
2628,inner
2629,spong
2630,phrase
2631,pellegrino
2632,chop
2633,entri
2634,lorenzo
2635,greek
2636,costum
2637,expens
2638,dolcedo
2639,prodigi
2640,beyond
2641,ambienc
2642,courmayeur
2643,25th
2644,divid
2645,1985
2646,silk
2647,mes
2648,granda
2649,immacolata
2650,1126
2651,marchini
2652,right
2653,trabe
2654,pile
2655,ambit
2656,glaze
2657,largest
2658,smoke
2659,avant
2660,ramata
2661,giudia
2662,ronchetto
2663,fourth
2664,post
2665,ravinetto
2666,urquiola
2667,17c
2668,ivana
2669,sticker
2670,barolo
2671,burratina
2672,soya
2673,artemid
2674,custard
2675,ragout
2676,senator
2677,matera
2678,catinaccio
2679,brianza
2680,famili
2681,pass
2682,sformatino
2683,flag
2684,biancu
2685,turmer
2686,baldessari
2687,speed
2688,lend
2689,brunner
2690,joël
2691,adjac
2692,flaw
2693,biohotel
2694,venezuela
2695,candlestick
2696,marmalad
2697,giudecca
2698,milan
2699,lavezzini
2700,volta
2701,tiramisù
2702,merlot
2703,klugmann
2704,eruzion
2705,fassona
2706,ovo
2707,prosdocimi
2708,vital
2709,brighten
2710,beech
2711,travel
2712,french
2713,boccadass
2714,western
2715,adopt
2716,ambrogio
2717,trafoier
2718,filippo
2719,grosseto
2720,dna
2721,panoram
2722,cannolo
2723,2km
2724,stanzion
2725,owner
2726,adjust
2727,judg
2728,brought
2729,palamaro
2730,loos
2731,fasson
2732,oper
2733,giulia
2734,cosylittl
2735,renon
2736,lower
2737,aficionado
2738,formal
2739,doze
2740,fill
2741,naturalment
2742,trout
2743,canapé
2744,nadia
2745,second
2746,hanger
2747,tonino
2748,catania
2749,silvia
2750,sienes
2751,vernaccia
2752,curri
2753,burri
2754,flavour
2755,era
2756,strengthen
2757,vatican
2758,tuttoilresto
2759,foligno
2760,sensibl
2761,greeneri
2762,prettiest
2763,baldassarr
2764,dose
2765,réva
2766,proxim
2767,maccheroncini
2768,palagio
2769,milanes
2770,beata
2771,tonnato
2772,lucca
2773,leon
2774,near
2775,bergamot
2776,sixti
2777,ramo
2778,keyston
2779,mussel
2780,therasia
2781,tour
2782,fidati
2783,icon
2784,bachelor
2785,1959
2786,spacious
2787,forio
2788,roam
2789,climat
2790,classico
2791,mauro
2792,undisput
2793,1977
2794,casatiello
2795,barbato
2796,mpustarella
2797,orchestra
2798,mame
2799,abou
2800,choic
2801,millefeuill
2802,adject
2803,valley
2804,angler
2805,passageway
2806,sarca
2807,disturb
2808,langella
2809,sogno
2810,maiellabi
2811,moresca
2812,girtler
2813,move
2814,mallow
2815,list
2816,mediev
2817,road
2818,starck
2819,finer
2820,pfanner
2821,cantina
2822,american
2823,last
2824,german
2825,finanziera
2826,180
2827,mattiacci
2828,reggia
2829,arrosticini
2830,tenderloin
2831,alto
2832,cookeri
2833,pino
2834,broast
2835,boost
2836,canocchia
2837,karl
2838,vanilla
2839,obvious
2840,agliata
2841,acquaint
2842,proceed
2843,reopen
2844,ampezzo
2845,costanzo
2846,antoni
2847,contrast
2848,sweetcorn
2849,vignola
2850,man
2851,fauna
2852,frigoriferi
2853,starter
2854,rooftop
2855,firma
2856,beatric
2857,basement
2858,emanuel
2859,overnight
2860,café
2861,polpo
2862,learn
2863,food
2864,entrail
2865,pension
2866,skyscrap
2867,fell
2868,postman
2869,cornerston
2870,gourmethotel
2871,dinato
2872,relationship
2873,intramontabili
2874,abocar
2875,trolley
2876,branca
2877,glorious
2878,polignano
2879,chutney
2880,amaron
2881,pescator
2882,send
2883,fumag
2884,adriatico
2885,flavor
2886,isola
2887,12c
2888,sfoglin
2889,formichella
2890,hand
2891,dip
2892,chose
2893,sculli
2894,caravello
2895,newli
2896,mar
2897,giovan
2898,gramigna
2899,ortica
2900,confit
2901,lighter
2902,tuber
2903,taco
2904,tiberio
2905,behind
2906,comput
2907,schüttelbrot
2908,cannavacciuolo
2909,henc
2910,jut
2911,push
2912,succul
2913,painter
2914,amus
2915,crayfish
2916,amur
2917,left
2918,redefin
2919,hour
2920,owe
2921,bulgari
2922,solid
2923,woodsmok
2924,chic
2925,ichikawa
2926,breton
2927,2024
2928,1957
2929,cannot
2930,russo
2931,holidaymak
2932,undiminish
2933,armani
2934,iacobucci
2935,bertelli
2936,faultless
2937,alessio
2938,sforzesco
2939,sardin
2940,salcheto
2941,hazelnut
2942,saltwat
2943,liquida
2944,shipyard
2945,22
2946,occasion
2947,plan
2948,montes
2949,region
2950,autumn
2951,cajun
2952,nuvola
2953,microcosm
2954,chestnut
2955,day
2956,rocca
2957,plastic
2958,picnic
2959,juan
2960,marsupino
2961,chris
2962,uniqu
2963,austrian
2964,luciana
2965,certifi
2966,amiata
2967,winter
2968,advanc
2969,filippino
2970,sight
2971,pescara
2972,camino
2973,reign
2974,bike
2975,dolomit
2976,state
2977,casa
2978,per
2979,costoletta
2980,small
2981,camp
2982,hydroelectr
2983,let
2984,ischia
2985,baroni
2986,giarr
2987,1969
2988,bistro
2989,du
2990,gentl
2991,beluga
2992,angiolieri
2993,liver
2994,padana
2995,buff
2996,reimund
2997,cuttlefish
2998,cattivelli
2999,centr
3000,multi
3001,wait
3002,aomi
3003,mia
3004,exchang
3005,asolo
3006,semifreddo
3007,crunchi
3008,frog
3009,susci
3010,magro
3011,tola
3012,fabul
3013,bazzano
3014,6
3015,symbolis
3016,completata
3017,horizon
3018,lab
3019,panfilio
3020,orto
3021,capabl
3022,massimo
3023,bonus
3024,benedikto
3025,request
3026,neither
3027,groan
3028,chapter
3029,francescana
3030,giustino
3031,vide
3032,sea
3033,difficult
3034,male
3035,lap
3036,beneventano
3037,succumb
3038,elisabeth
3039,531
3040,similar
3041,tuorlo
3042,delight
3043,specif
3044,notabl
3045,salicornia
3046,fore
3047,gaspari
3048,chard
3049,beig
3050,linguaglossa
3051,revel
3052,karim
3053,coton
3054,meucci
3055,reggio
3056,gain
3057,scelta
3058,loggia
3059,substanti
3060,demonstr
3061,sizzl
3062,luigia
3063,inhabit
3064,aimo
3065,spare
3066,buzz
3067,whether
3068,nicolosi
3069,aquarium
3070,perspect
3071,1km
3072,lanteri
3073,appreci
3074,pud
3075,europ
3076,mean
3077,meanwhil
3078,emin
3079,zabaglion
3080,lumen
3081,sett
3082,versatil
3083,grand
3084,duca
3085,preziosa
3086,parkhotel
3087,lacemak
3088,admiss
3089,cascinalenuovo
3090,sail
3091,uffizi
3092,miss
3093,control
3094,capannori
3095,stand
3096,curat
3097,ottog
3098,pïacenza
3099,ghezzi
3100,loft
3101,takahiko
3102,wonder
3103,contigliano
3104,ruggiero
3105,inherit
3106,unrival
3107,sciliar
3108,faraglioni
3109,soundtrack
3110,use
3111,pollenzo
3112,nolinski
3113,fond
3114,1956
3115,magnini
3116,servic
3117,orchard
3118,drop
3119,farewel
3120,bottega
3121,see
3122,septemb
3123,terzavia
3124,foam
3125,norcia
3126,rosso
3127,miranes
3128,granari
3129,velvet
3130,paraggi
3131,faveri
3132,cavallo
3133,cjarson
3134,verona
3135,challeng
3136,dresser
3137,punta
3138,slope
3139,grillo
3140,framura
3141,spot
3142,ettor
3143,sorrento
3144,dalila
3145,frutti
3146,meantim
3147,panzanella
3148,crusco
3149,ricorda
3150,social
3151,acoust
3152,tablewar
3153,golf
3154,certosa
3155,pasticcio
3156,candia
3157,pavilion
3158,redevelop
3159,famous
3160,plaza
3161,sinc
3162,broth
3163,colli
3164,airaudo
3165,closer
3166,arsenal
3167,reggiano
3168,mediterranean
3169,poetri
3170,augusto
3171,600m
3172,celest
3173,lombardi
3174,delmont
3175,bristol
3176,cornaredo
3177,soften
3178,found
3179,anise
3180,sauté
3181,oregano
3182,explor
3183,vergin
3184,lazzarini
3185,cereal
3186,bring
3187,teach
3188,sho
3189,cicchetti
3190,divers
3191,visitor
3192,tina
3193,probabl
3194,aperitif
3195,seri
3196,gratin
3197,remodel
3198,emozioni
3199,grassland
3200,trani
3201,activ
3202,bertini
3203,trento
3204,ampl
3205,vucciria
3206,stefania
3207,technolog
3208,lacco
3209,obstacl
3210,1877
3211,futur
3212,dedic
3213,larch
3214,oldofredi
3215,bufi
3216,modifi
3217,paella
3218,motta
3219,gennaro
3220,parizzi
3221,fritti
3222,1996
3223,bean
3224,wall
3225,abli
3226,mouss
3227,scardina
3228,serra
3229,three
3230,greec
3231,josta
3232,express
3233,tegamaccio
3234,bc
3235,pernic
3236,key
3237,scosso
3238,pre
3239,beneath
3240,giacomello
3241,capestrano
3242,ferrari
3243,ps
3244,croce
3245,locomot
3246,cetona
3247,aurora
3248,healthi
3249,decept
3250,delizi
3251,bordeaux
3252,acquedotto
3253,renato
3254,mirto
3255,felic
3256,etc
3257,gragnono
3258,canossa
3259,badia
3260,belltow
3261,immedi
3262,reinforc
3263,paradis
3264,orob
3265,cosmopolitan
3266,intric
3267,vogu
3268,anyth
3269,harmoni
3270,fee
3271,grandpar
3272,mengoni
3273,sailboat
3274,cevich
3275,turkish
3276,giulio
3277,recommend
3278,sanbrit
3279,focus
3280,monopoli
3281,nib
3282,800
3283,bohemian
3284,tripe
3285,ignor
3286,initi
3287,codol
3288,rice
3289,emblemat
3290,lunigiana
3291,england
3292,erbaluc
3293,tofana
3294,hush
3295,scratch
3296,ceraudo
3297,sibillini
3298,landi
3299,girasoli
3300,zass
3301,luisa
3302,ricotta
3303,laguna
3304,cabl
3305,fortifi
3306,1585
3307,spumon
3308,terrin
3309,5km
3310,maremmani
3311,vicenza
3312,troisi
3313,rovereto
3314,sini
3315,ciambella
3316,lago
3317,opposit
3318,caserta
3319,essenc
3320,chiusi
3321,stew
3322,dialect
3323,name
3324,costantino
3325,women
3326,craft
3327,dama
3328,muse
3329,theodor
3330,vanessa
3331,oliva
3332,latt
3333,sara
3334,spider
3335,pasteuris
3336,draw
3337,torta
3338,mantecati
3339,vincent
3340,ligur
3341,sangiovesi
3342,steam
3343,belgian
3344,dant
3345,romanesco
3346,piastrino
3347,corpo
3348,loro
3349,lavagna
3350,essenzial
3351,china
3352,iseo
3353,ponzu
3354,nurtur
3355,terra
3356,forc
3357,except
3358,skirt
3359,cacciator
3360,damiano
3361,capri
3362,descript
3363,mazzorbo
3364,del
3365,latini
3366,1950s
3367,bernardo
3368,exalt
3369,parmesan
3370,residenti
3371,relev
3372,fun
3373,4km
3374,leoni
3375,cassinetta
3376,ega
3377,stream
3378,powder
3379,particular
3380,wherev
3381,coat
3382,plung
3383,cheek
3384,coeliac
3385,repubblica
3386,rock
3387,vietri
3388,onyx
3389,evidenc
3390,dream
3391,seed
3392,yolk
3393,prefer
3394,gleam
3395,latest
3396,expo
3397,young
3398,aromat
3399,saor
3400,brand
3401,specialti
3402,marta
3403,book
3404,brunico
3405,cycl
3406,touch
3407,antonia
3408,archway
3409,culatello
3410,spend
3411,clever
3412,toceno
3413,sasso
3414,articl
3415,bucchero
3416,bishop
3417,escap
3418,prelud
3419,casserol
3420,orsosemifreddo
3421,bloom
3422,birramisù
3423,romagnolo
3424,yuyo
3425,2007
3426,lord
3427,standout
3428,acclaim
3429,kosovo
3430,natali
3431,1618
3432,modugno
3433,agriturismo
3434,whenev
3435,commit
3436,lichen
3437,contrari
3438,ai
3439,tilia
3440,trifl
3441,steak
3442,szechuan
3443,elong
3444,check
3445,strombolicchio
3446,sunset
3447,tempura
3448,expertis
3449,cliché
3450,gastro
3451,plissn
3452,evoluzion
3453,1940
3454,avoid
3455,chalet
3456,sky
3457,antonella
3458,slide
3459,giuliano
3460,bladder
3461,wine
3462,mostarda
3463,tapestri
3464,rais
3465,immers
3466,boccondivino
3467,schingaro
3468,echo
3469,phone
3470,mild
3471,old
3472,riflessioni
3473,ounc
3474,fassa
3475,coll
3476,eel
3477,circella
3478,fritta
3479,antipasti
3480,fragrant
3481,zur
3482,orchestr
3483,biedermei
3484,sand
3485,bollat
3486,arcangelo
3487,baumgartn
3488,novo
3489,trezzo
3490,enclos
3491,garden
3492,nigro
3493,ag
3494,laid
3495,philosoph
3496,gallipoli
3497,rasa
3498,fàula
3499,herb
3500,care
3501,brodo
3502,distinct
3503,tomei
3504,forerunn
3505,bianconi
3506,creation
3507,set
3508,philosophi
3509,vehicl
3510,scorzon
3511,caval
3512,pancak
3513,strudel
3514,botania
3515,quadrilater
3516,andana
3517,brunel
3518,just
3519,spoltino
3520,intuit
3521,craparo
3522,sommeli
3523,palamita
3524,wood
3525,flair
3526,montecristo
3527,sprinkl
3528,renov
3529,nuovo
3530,cultiv
3531,brescia
3532,celeri
3533,cauldron
3534,borag
3535,rind
3536,cumin
3537,jovial
3538,appar
3539,final
3540,azienda
3541,tempt
3542,concept
3543,elabor
3544,spiritoso
3545,wafer
3546,cielo
3547,scent
3548,impli
3549,nitto
3550,joy
3551,kerm
3552,arnaldo
3553,recal
3554,contamin
3555,taught
3556,fenicottero
3557,muffl
3558,instagram
3559,fabrizi
3560,pancetta
3561,agricultur
3562,moretto
3563,gianluca
3564,chemistri
3565,marconi
3566,locat
3567,extens
3568,spit
3569,mondello
3570,pivot
3571,tenuta
3572,occupi
3573,satnav
3574,spigaroli
3575,neat
3576,toro
3577,finest
3578,insist
3579,dome
3580,bartolini
3581,nightclub
3582,lyche
3583,cantù
3584,basilicata
3585,andré
3586,tano
3587,buffet
3588,comunal
3589,annunziata
3590,friuli
3591,apostelstub
3592,langh
3593,vesuvius
3594,announc
3595,put
3596,val
3597,palluda
3598,bolognes
3599,rehabilit
3600,altern
3601,pezzo
3602,heinrich
3603,marrocco
3604,gard
3605,eliseo
3606,panel
3607,nunziata
3608,skier
3609,lucassino
3610,mogano
3611,silenc
3612,boathous
3613,1940s
3614,trendi
3615,pacchero
3616,boundari
3617,90
3618,muddica
3619,max
3620,stilla
3621,phi
3622,sebada
3623,marmo
3624,laden
3625,passignano
3626,culinari
3627,egon
3628,erb
3629,modo
3630,posit
3631,excurs
3632,acquapartita
3633,refresh
3634,reduct
3635,elsa
3636,wing
3637,duti
3638,faccani
3639,domenico
3640,columbus
3641,protagonist
3642,egg
3643,martella
3644,tenn
3645,nowher
3646,lettuc
3647,supplier
3648,youth
3649,well
3650,whip
3651,gellius
3652,seeport
3653,tinari
3654,length
3655,canada
3656,decor
3657,convinc
3658,turn
3659,bundl
3660,myrtleberri
3661,antonello
3662,competit
3663,pascucci
3664,sapori
3665,miseria
3666,say
3667,etruscan
3668,suprem
3669,grandfath
3670,inclement
3671,stephan
3672,purchas
3673,jewish
3674,foundat
3675,transform
3676,sure
3677,blancmang
3678,bassa
3679,bologna
3680,stun
3681,sparkl
3682,demand
3683,sommità
3684,campagna
3685,kistè
3686,marjoram
3687,elev
3688,onlin
3689,basic
3690,courteous
3691,henri
3692,tip
3693,albeit
3694,aubergin
3695,appetis
3696,carp
3697,joint
3698,korean
3699,giancarlo
3700,gut
3701,held
3702,novelti
3703,apricena
3704,feltr
3705,svevo
3706,deepli
3707,outdoor
3708,championship
3709,sambuca
3710,cinta
3711,balsam
3712,comandant
3713,balanc
3714,spici
3715,templ
3716,capodifium
3717,papavero
3718,breast
3719,luciano
3720,rule
3721,familiar
3722,instead
3723,greenhous
3724,stop
3725,finish
3726,spiritu
3727,expert
3728,degre
3729,monterozzi
3730,castello
3731,consumm
3732,gambero
3733,vitel
3734,caramelis
3735,zanasi
3736,pinzolo
3737,cur
3738,neo
3739,luna
3740,creativ
3741,ferment
3742,remark
3743,costantini
3744,locali
3745,adventur
3746,christma
3747,cirò
3748,snow
3749,taormina
3750,atyp
3751,grace
3752,daughter
3753,monza
3754,dipino
3755,pellicano
3756,crêuza
3757,cun
3758,sublim
3759,exuber
3760,todi
3761,beccafico
3762,remi
3763,freeli
3764,volum
3765,carnian
3766,spaghetti
3767,cozzi
3768,omakas
3769,sugihara
3770,povera
3771,instinct
3772,promot
3773,techniqu
3774,gerri
3775,galleria
3776,advic
3777,feel
3778,paprika
3779,crab
3780,ristourànt
3781,amberjack
3782,one
3783,acireal
3784,unlimit
3785,staf
3786,empanada
3787,gherardesca
3788,mantra
3789,arlecchino
3790,household
3791,bottom
3792,network
3793,proudest
3794,year
3795,nostra
3796,guess
3797,arancino
3798,bellingeri
3799,vecchio
3800,caffè
3801,indefatig
3802,kerkira
3803,town
3804,wealth
3805,distanc
3806,feuill
3807,charm
3808,exhibit
3809,histor
3810,falter
3811,lighten
3812,umbrian
3813,fall
3814,fuori
3815,menoncin
3816,ruin
3817,pasticceria
3818,invent
3819,liqueur
3820,verdant
3821,restor
3822,yoghurt
3823,bakeri
3824,dull
3825,anim
3826,solopiemont
3827,puré
3828,brain
3829,alessandra
3830,loop
3831,shrimp
3832,quintero
3833,tenerumi
3834,manzoni
3835,cucina
3836,grapefruit
3837,anni
3838,gronchi
3839,1911
3840,purist
3841,quinto
3842,overcom
3843,lagoon
3844,peopl
3845,port
3846,sordi
3847,crackl
3848,glamour
3849,yeast
3850,shorter
3851,mora
3852,mercato
3853,laticauda
3854,arcad
3855,grödnerhof
3856,terrac
3857,sassi
3858,gallar
3859,photo
3860,spent
3861,iconica
3862,sturgeon
3863,team
3864,flamingo
3865,respect
3866,collio
3867,graduat
3868,smetana
3869,nino
3870,contaminazioni
3871,sheep
3872,roof
3873,arno
3874,kalò
3875,pinchiorri
3876,portrait
3877,april
3878,label
3879,vase
3880,ink
3881,junip
3882,19c
3883,depend
3884,gisela
3885,francesca
3886,eben
3887,author
3888,7pm
3889,fabrizia
3890,stucco
3891,materi
3892,stefano
3893,remo
3894,900m
3895,surgic
3896,pannicolo
3897,quarta
3898,needl
3899,milk
3900,deck
3901,meschio
3902,half
3903,play
3904,fair
3905,battuta
3906,rana
3907,presenc
3908,crumbl
3909,sensat
3910,trapani
3911,grandson
3912,cloud
3913,transatlant
3914,saint
3915,creami
3916,intertwin
3917,film
3918,roquefort
3919,km
3920,metro
3921,candel
3922,tomato
3923,tonnè
3924,cool
3925,globe
3926,cappelli
3927,emigr
3928,imperatori
3929,letter
3930,trofi
3931,erasmo
3932,peter
3933,affreschi
3934,fascin
3935,justifi
3936,michelino
3937,donkey
3938,beli
3939,statuett
3940,acacia
3941,tune
3942,bardini
3943,enviabl
3944,minimis
3945,ivan
3946,masanti
3947,trattoria
3948,candl
3949,tristan
3950,advis
3951,territorio
3952,crespi
3953,classici
3954,queen
3955,valtellino
3956,giardinetto
3957,pra
3958,acquolina
3959,cusago
3960,harri
3961,hundr
3962,file
3963,alessandria
3964,acanto
3965,tall
3966,marineria
3967,cantafio
3968,barchessa
3969,lace
3970,night
3971,seminario
3972,develop
3973,coccia
3974,côtes
3975,ostuni
3976,edg
3977,chronopoulo
3978,pianist
3979,azur
3980,lose
3981,subida
3982,calabrian
3983,flank
3984,mariapaola
3985,trust
3986,world
3987,seawe
3988,nutriti
3989,spirit
3990,ball
3991,remind
3992,pull
3993,urbino
3994,numana
3995,magnum
3996,5
3997,manduria
3998,beer
3999,bruschetta
4000,choos
4001,ahrntal
4002,trabalzini
4003,campidano
4004,ginger
4005,1870
4006,prove
4007,billia
4008,sereno
4009,antiqu
4010,pe
4011,award
4012,pirandello
4013,toritto
4014,blason
4015,trio
4016,thyme
4017,separ
4018,tongu
4019,marciana
4020,alassio
4021,poet
4022,turbot
4023,hinterland
4024,snowcat
4025,layout
4026,ironi
4027,juic
4028,cheer
4029,grandma
4030,absolut
4031,flatbread
4032,heart
4033,legendari
4034,afor
4035,deer
4036,elisa
4037,calett
4038,desiderio
4039,alchemi
4040,sunday
4041,fashion
4042,press
4043,wagyubeef
4044,monterosso
4045,porter
4046,conceiv
4047,meter
4048,lava
4049,macerata
4050,giorgia
4051,cappelletti
4052,casentino
4053,ibla
4054,illustr
4055,lefay
4056,borgobrufa
4057,option
4058,pavement
4059,morra
4060,roll
4061,applaud
4062,pompei
4063,taken
4064,fireplac
4065,bore
4066,distil
4067,martin
4068,20min
4069,japan
4070,pamper
4071,skimp
4072,heinz
4073,thorough
4074,nigiri
4075,italian
4076,romagnola
4077,model
4078,nativ
4079,memoria
4080,maqui
4081,longest
4082,quail
4083,matares
4084,16
4085,teem
4086,w
4087,augurio
4088,alajmo
4089,deserv
4090,confid
4091,pomodoro
4092,fli
4093,valeria
4094,pastur
4095,steve
4096,watermil
4097,rebrand
4098,serious
4099,alway
4100,uruguay
4101,robi
4102,haunt
4103,marino
4104,later
4105,laboratori
4106,lillaz
4107,essenza
4108,galileo
4109,crest
4110,excess
4111,thailand
4112,200
4113,wholeheart
4114,salsa
4115,esperienza
4116,underpin
4117,7
4118,villadorata
4119,mallard
4120,frati
4121,explos
4122,clam
4123,caciucco
4124,written
4125,grocer
4126,portinari
4127,dei
4128,bark
4129,24
4130,elegant
4131,fork
4132,parma
4133,spanish
4134,termeno
4135,cartosio
4136,murges
4137,fuoco
4138,mocellin
4139,amaranth
4140,cimbron
4141,profession
4142,grassi
4143,53
4144,slowli
4145,perfect
4146,fulli
4147,ricordi
4148,head
4149,hotel
4150,seggiano
4151,patat
4152,tri
4153,nole
4154,cicchetteria
4155,unpredict
4156,coconut
4157,ideal
4158,barrel
4159,la
4160,middl
4161,shadow
4162,fingerlim
4163,provenienti
4164,emilio
4165,cappon
4166,tumin
4167,rocchetti
4168,moena
4169,oh
4170,tafuri
4171,scrubland
4172,mura
4173,fregula
4174,elich
4175,segreta
4176,reinterpret
4177,vecio
4178,prenestino
4179,battipaglia
4180,territori
4181,vieni
4182,sat
4183,quirinal
4184,giovanna
4185,ami
4186,tartlet
4187,damask
4188,macello
4189,6pm
4190,characteris
4191,cime
4192,frescada
4193,laghetto
4194,custom
4195,border
4196,lattuga
4197,industri
4198,nice
4199,taggiasca
4200,operaia
4201,mind
4202,scandinavian
4203,ragu
4204,orang
4205,moat
4206,lumpfish
4207,aprea
4208,stellaria
4209,cagliaritana
4210,red
4211,cattaneo
4212,environment
4213,doorbel
4214,regional
4215,indaco
4216,period
4217,bare
4218,pizzetta
4219,chines
4220,saganaki
4221,trinità
4222,rose
4223,litr
4224,contemporari
4225,unsurpris
4226,capitolo
4227,coppa
4228,alpago
4229,resound
4230,broad
4231,fasan
4232,rispo
4233,multicultur
4234,pharmaci
4235,liguria
4236,unavoid
4237,artist
4238,krèsio
4239,overseen
4240,dimora
4241,movi
4242,paola
4243,murano
4244,pollock
4245,armchair
4246,euro
4247,timber
4248,pantesco
4249,frico
4250,byblo
4251,neighbourhood
4252,lime
4253,manicon
4254,curd
4255,michelin
4256,saracca
4257,stronghold
4258,brill
4259,opul
4260,infanzia
4261,chignola
4262,siphon
4263,keyword
4264,various
4265,everyday
4266,venetian
4267,roman
4268,joyc
4269,discov
4270,dynam
4271,ischian
4272,tumbl
4273,painstak
4274,sugo
4275,giusepp
4276,showcas
4277,waltz
4278,stretch
4279,tuck
4280,meringu
4281,oak
4282,broken
4283,two
4284,contagi
4285,happili
4286,l
4287,machin
4288,ellipt
4289,gianicolo
4290,lid
4291,asia
4292,baroqu
4293,capriat
4294,cuomo
4295,assort
4296,beaten
4297,interior
4298,sultano
4299,montefalco
4300,tourist
4301,rossi
4302,support
4303,fasano
4304,climb
4305,mother
4306,ensur
4307,tortelloni
4308,teramo
4309,caciocavallo
4310,000
4311,geröstl
4312,intens
4313,artusi
4314,signum
4315,su
4316,ski
4317,anonym
4318,talent
4319,ferran
4320,rosa
4321,monteriggioni
4322,exagger
4323,coniglio
4324,mauricio
4325,degustazion
4326,piazzal
4327,capelli
4328,franciosi
4329,berri
4330,encourag
4331,streamlin
4332,plain
4333,bacchus
4334,blackberri
4335,lippi
4336,best
4337,dough
4338,shortag
4339,trentingrana
4340,toblino
4341,choi
4342,jus
4343,cave
4344,mattia
4345,maritim
4346,usual
4347,target
4348,perdomo
4349,identifi
4350,mayo
4351,dioces
4352,wit
4353,meaning
4354,1920s
4355,acquarol
4356,tronto
4357,verpai
4358,practis
4359,uncompromis
4360,men
4361,tajarin
4362,2
4363,characterist
4364,cocktail
4365,montepulciano
4366,entertain
4367,frattaubread
4368,sukiyaki
4369,everi
4370,antica
4371,reminisc
4372,hear
4373,flock
4374,taurasi
4375,parallelsmenu
4376,londr
4377,fishermen
4378,photogen
4379,bentivoglio
4380,miramonti
4381,bressan
4382,trap
4383,resembl
4384,lift
4385,andora
4386,veneto
4387,noteworthi
4388,vall
4389,glowig
4390,minut
4391,natal
4392,vers
4393,tradizion
4394,sort
4395,vito
4396,teverini
4397,libero
4398,coco
4399,scandinavia
4400,first
4401,pattern
4402,gone
4403,giardino
4404,whatev
4405,ugo
4406,miravall
4407,compani
4408,organ
4409,specialist
4410,esordi
4411,federica
4412,2023
4413,ciliegi
4414,suffic
4415,zelo
4416,voghera
4417,chive
4418,benaco
4419,studi
4420,confini
4421,outskirt
4422,toè
4423,mount
4424,specialis
4425,argentina
4426,tyroles
4427,rampant
4428,500
4429,più
4430,larossa
4431,lanzellotti
4432,fischetti
4433,som
4434,music
4435,mara
4436,donato
4437,napl
4438,pastureland
4439,osmosi
4440,ponza
4441,char
4442,gelato
4443,versilian
4444,escabech
4445,régis
4446,promontori
4447,koji
4448,cag
4449,bianchi
4450,prati
4451,plate
4452,navelli
4453,theatr
4454,burrata
4455,petit
4456,taggiasch
4457,ciasa
4458,back
4459,true
4460,flour
4461,giampiero
4462,job
4463,atmospher
4464,1800s
4465,trentini
4466,surviv
4467,literatur
4468,montagna
4469,angela
4470,site
4471,siviero
4472,present
4473,orecchiett
4474,agata
4475,seasid
4476,chiaracia
4477,aulenti
4478,oberhamm
4479,perna
4480,lunch
4481,1862
4482,temperini
4483,aplomb
4484,bearer
4485,lost
4486,manich
4487,bold
4488,trendier
4489,lingotto
4490,told
4491,call
4492,memori
4493,all
4494,cabernet
4495,taral
4496,conchiglioni
4497,magic
4498,lori
4499,lina
4500,osteria
4501,banish
4502,bergamo
4503,fundament
4504,hamachi
4505,puglia
4506,charismat
4507,centuri
4508,colonnata
4509,soul
4510,rebirth
4511,subt
4512,circolino
4513,sonya
4514,renown
4515,farmhous
4516,tutto
4517,benjamin
4518,sauri
4519,monfort
4520,rout
4521,subdivid
4522,church
4523,whitewash
4524,traditionalist
4525,giuseppa
4526,piombino
4527,steel
4528,switzerland
4529,corfu
4530,cimini
4531,scale
4532,bell
4533,tea
4534,wisteria
4535,olmo
4536,furor
4537,fondazion
4538,trovato
4539,treviso
4540,shank
4541,radish
4542,hong
4543,cuttaia
4544,romito
4545,shop
4546,giacinto
4547,milazzo
4548,fefa
4549,ri
4550,trent
4551,bathroom
4552,print
4553,gaio
4554,molaro
4555,provid
4556,chianina
4557,blanc
4558,cristian
4559,grandmoth
4560,retain
4561,betancourt
4562,poder
4563,patti
4564,1970s
4565,sever
4566,15th
4567,naiv
4568,compromis
4569,nettl
4570,stove
4571,ivrea
4572,hustl
4573,gluten
4574,arancini
4575,visibl
4576,0
4577,1989
4578,beretta
4579,devot
4580,vespasia
4581,1890
4582,nouveau
4583,marecchia
4584,giardini
4585,rank
4586,matriciana
4587,superior
4588,marianna
4589,lazarov
4590,forino
4591,proven
4592,baronetto
4593,special
4594,gobbi
4595,junior
4596,orsoburg
4597,girella
4598,latter
4599,fabbro
4600,monferrato
4601,antonino
4602,emilia
4603,weekday
4604,conceal
4605,petra
4606,intern
4607,amidst
4608,clement
4609,octob
4610,yellow
4611,cistern
4612,triumph
4613,cigar
4614,companion
4615,castelfranco
4616,comacina
4617,bronz
4618,revolutionis
4619,conservatori
4620,trumpet
4621,marra
4622,fragsburg
4623,sun
4624,tricesimo
4625,breweri
4626,coast
4627,astra
4628,lentil
4629,makorè
4630,updat
4631,curios
4632,district
4633,steal
4634,cocoa
4635,scottojonno
4636,sweet
4637,fontanina
4638,honour
4639,pleasur
4640,160
4641,stem
4642,9pm
4643,elid
4644,grill
4645,homemad
4646,gift
4647,said
4648,ambiti
4649,amatriciana
4650,genius
4651,gavi
4652,gorini
4653,concis
4654,manag
4655,indiniò
4656,parretti
4657,prais
4658,gucci
4659,morsetti
4660,crostino
4661,piedmontes
4662,wear
4663,feo
4664,strozzi
4665,ciucci
4666,umeboshi
4667,sondrio
4668,overview
4669,brodetto
4670,amo
4671,provola
4672,artichok
4673,colour
4674,ero
4675,biuso
4676,appoint
4677,incred
4678,hamlet
4679,posillipo
4680,nicolini
4681,properti
4682,solo
4683,hut
4684,feat
4685,mill
4686,tâche
4687,zillo
4688,guangzhou
4689,chioggia
4690,negra
4691,stuff
4692,transpar
4693,king
4694,hide
4695,2001
4696,twist
4697,sakali
4698,individu
4699,verbena
4700,baronal
4701,penthous
4702,almond
4703,cooler
4704,expans
4705,straw
4706,exot
4707,butterfli
4708,gilmor
4709,camiano
4710,singer
4711,stagional
4712,help
4713,atzeni
4714,showroom
4715,adig
4716,east
4717,tackl
4718,moorish
4719,galleri
4720,ferrara
4721,romagnol
4722,millefogli
4723,acorn
4724,gem
4725,vecchia
4726,allow
4727,salerno
4728,passeggiata
4729,stress
4730,birthday
4731,1300
4732,flawless
4733,lama
4734,panorama
4735,pallanza
4736,giorgio
4737,burba
4738,miso
4739,vibe
4740,convent
4741,babà
4742,attanasio
4743,furlo
4744,santamonica
4745,flexibl
4746,albenga
4747,30pm
4748,1960s
4749,1990s
4750,mark
4751,battl
4752,macellaria
4753,limeston
4754,breve
4755,capitan
4756,francigena
4757,apreda
4758,pezzogna
4759,serendib
4760,astonish
4761,cannara
4762,rubiera
4763,bar
4764,tart
4765,dall
4766,360
4767,sumptuous
4768,crowd
4769,guestroom
4770,manchego
4771,profil
4772,turi
4773,piacentina
4774,offida
4775,sull
4776,kursaal
4777,sharp
4778,televis
4779,galleon
4780,14c
4781,zito
4782,domingo
4783,befit
4784,warrior
4785,silhouett
4786,interest
4787,subject
4788,zabajon
4789,katia
4790,destin
4791,filippi
4792,respons
4793,da
4794,937m
4795,saltwort
4796,most
4797,municip
4798,lamb
4799,un
4800,salumi
4801,counter
4802,bergamasca
4803,angolo
4804,faster
4805,leopard
4806,adjoin
4807,exterior
4808,piergiorgio
4809,arianna
4810,calvisano
4811,parco
4812,benefit
4813,gianduia
4814,effect
4815,seminari
4816,vendemmia
4817,ossobuco
4818,scala
4819,gastrofluvi
4820,hunt
4821,novi
4822,simpl
4823,coron
4824,antich
4825,lorena
4826,cantinon
4827,collina
4828,predict
4829,passiria
4830,brunello
4831,hassler
4832,anima
4833,corner
4834,cacio
4835,cauliflow
4836,cell
4837,malcesin
4838,box
4839,son
4840,cattl
4841,monument
4842,zannon
4843,raciti
4844,nori
4845,bettelmatt
4846,lukewarm
4847,elli
4848,1984
4849,viterbo
4850,sui
4851,new
4852,atman
4853,carri
4854,procida
4855,greco
4856,lake
4857,shore
4858,monica
4859,terracotta
4860,abruzzo
4861,fiorentina
4862,capon
4863,cappellaccio
4864,pappa
4865,credit
4866,shiso
4867,zen
4868,undeni
4869,cacciag
4870,fountain
4871,energet
4872,alp
4873,rebellion
4874,bressanon
4875,gioie
4876,cognac
4877,pirro
4878,vitantonio
4879,murg
4880,astut
4881,eaten
4882,franc
4883,unstuffi
4884,accord
4885,prest
4886,cartellata
4887,coastlin
4888,flora
4889,cegli
4890,pie
4891,michelangelo
4892,carmagnola
4893,garag
4894,mayonnais
4895,itinerari
4896,santoro
4897,smaller
4898,umbrella
4899,hail
4900,rossini
4901,lecc
4902,ornat
4903,sorrentino
4904,naxo
4905,parolina
4906,leaven
4907,leg
4908,pepp
4909,eleven
4910,bite
4911,respit
4912,reput
4913,suit
4914,cavolo
4915,alongsid
4916,platter
4917,snowsho
4918,refin
4919,50ha
4920,total
4921,minimi
4922,prosperi
4923,grasparossa
4924,craftsmen
4925,gianpaolo
4926,gala
4927,bun
4928,cream
4929,could
4930,fir
4931,tartar
4932,venison
4933,anacapri
4934,crystal
4935,great
4936,resourc
4937,mirella
4938,creeper
4939,18
4940,barbequ
4941,contron
4942,primi
4943,succeed
4944,fratelli
4945,prà
4946,fontanafredda
4947,citrus
4948,cathedr
4949,venart
4950,unconvent
4951,consolid
4952,extravag
4953,vallio
4954,italia
4955,jealous
4956,fish
4957,unfold
4958,vigilius
4959,trade
4960,fondu
4961,metr
4962,lard
4963,700
4964,root
4965,wider
4966,samuel
4967,zero
4968,30am
4969,postorino
4970,bellotti
4971,jurist
4972,rucola
4973,baglieri
4974,macaroon
4975,freshest
4976,includ
4977,al
4978,maccaron
4979,nella
4980,pea
4981,chessboard
4982,vallicella
4983,guid
4984,backdrop
4985,mandilli
4986,monachil
4987,polystyren
4988,carn
4989,sarzana
4990,annunzio
4991,imposs
4992,pecorino
4993,teodoro
4994,freedom
4995,ginetta
4996,acquapetra
4997,semi
4998,disappoint
4999,misl
5000,murato
5001,ducass
5002,3c
5003,renzo
5004,wagyu
5005,fame
5006,repres
5007,past
5008,seem
5009,malloreddus
5010,puf
5011,sultana
5012,perticara
5013,formula
5014,fezzardi
5015,trabaccolara
5016,duo
5017,primari
5018,une
5019,intent
5020,pata
5021,neighbour
5022,eat
5023,narducci
5024,champion
5025,maria
5026,9th
5027,consequ
5028,hermitag
5029,goos
5030,drip
5031,borromeo
5032,russian
5033,sour
5034,function
5035,biagiola
5036,sauerkraut
5037,orobica
5038,pescatori
5039,gin
5040,effort
5041,loaf
5042,charact
5043,ring
5044,skill
5045,realli
5046,coastal
5047,erborinato
5048,gualtieri
5049,florentin
5050,alzaia
5051,galeata
5052,pignatelli
5053,cesenatico
5054,age
5055,cipressi
5056,tournedo
5057,seen
5058,mathia
5059,porch
5060,basqu
5061,compris
5062,forlì
5063,stroll
5064,royalhotel
5065,vomero
5066,neutral
5067,col
5068,guido
5069,tenerina
5070,bottl
5071,today
5072,grifon
5073,1922
5074,una
5075,canton
5076,valid
5077,lengthi
5078,artistri
5079,horseradish
5080,malga
5081,15km
5082,ceram
5083,1602
5084,zunica
5085,platform
5086,gestur
5087,lead
5088,bought
5089,oval
5090,stylemora
5091,runat
5092,marzamemi
5093,omit
5094,mop
5095,due
5096,marrow
5097,120
5098,brut
5099,week
5100,architect
5101,adda
5102,matscher
5103,breathtak
5104,fa
5105,proud
5106,vallefredda
5107,corridor
5108,within
5109,opt
5110,capricciosa
5111,valva
5112,agrituristica
5113,bedroom
5114,cibreo
5115,caretak
5116,explan
5117,penultim
5118,describ
5119,classic
5120,beurr
5121,hue
5122,ecosystem
5123,quarto
5124,mazzafegato
5125,abbey
5126,mandra
5127,mirror
5128,necropoli
5129,crust
5130,thick
5131,centrepiec
5132,hilli
5133,milda
5134,order
5135,porcelli
5136,cuor
5137,150m
5138,takeaway
5139,le
5140,fluffi
5141,stair
5142,courtesi
5143,cannoli
5144,preserv
5145,aria
5146,modesti
5147,gara
5148,hadrian
5149,furnitur
5150,bufala
5151,florian
5152,arco
5153,accent
5154,ciociaria
5155,landscap
5156,figur
5157,maniago
5158,ladl
5159,redcurr
5160,malp
5161,iorio
5162,holiday
5163,esperanto
5164,18th
5165,spelt
5166,sceneri
5167,strong
5168,cima
5169,modica
5170,pedestrianis
5171,nive
5172,papi
5173,1938
5174,grape
5175,abl
5176,martina
5177,profeta
5178,resid
5179,balbianello
5180,snapper
5181,11c
5182,prosciutto
5183,pisciotta
5184,malaspina
5185,crostini
5186,brickwork
5187,verg
5188,apt
5189,portion
5190,stood
5191,ricomincio
5192,stafler
5193,fabio
5194,filindeu
5195,shell
5196,lazio
5197,goat
5198,doc
5199,offshoot
5200,baccalà
5201,without
5202,seduc
5203,take
5204,live
5205,stanc
5206,peach
5207,pescatora
5208,meal
5209,prussian
5210,alga
5211,roy
5212,sadler
5213,diminut
5214,dug
5215,sweetbread
5216,bolsena
5217,fortress
5218,magona
5219,papà
5220,item
5221,scabin
5222,spruce
5223,grappa
5224,fool
5225,golpaia
5226,possibl
5227,vitello
5228,hairpin
5229,slice
5230,european
5231,signific
5232,cannonau
5233,princip
5234,intend
5235,impronta
5236,clean
5237,sigilinium
5238,bislacco
5239,vinilia
5240,creak
5241,suquet
5242,wish
5243,dozen
5244,under
5245,greener
5246,sile
5247,ruffano
5248,2016
5249,valentia
5250,junction
5251,consider
5252,siciliana
5253,leandro
5254,doria
5255,pan
5256,sear
5257,maritozzo
5258,marini
5259,trucco
5260,kilometr
5261,grow
5262,slogan
5263,modern
5264,cookwar
5265,carbonara
5266,button
5267,buratti
5268,joia
5269,lievitazioni
5270,ornament
5271,rizzuto
5272,highlight
5273,fresh
5274,regi
5275,pisser
5276,stud
5277,date
5278,focacceria
5279,common
5280,vet
5281,lorelei
5282,tardiva
5283,esposito
5284,pipe
5285,fallen
5286,neri
5287,perpendicular
5288,lungarno
5289,bari
5290,savour
5291,uliveto
5292,patron
5293,vodka
5294,citeroni
5295,morel
5296,claudio
5297,celebratori
5298,iacopo
5299,11am
5300,matter
5301,porticciolo
5302,consid
5303,vertical
5304,june
5305,ciccio
5306,culurgion
5307,gamay
5308,wrap
5309,lucia
5310,60
5311,teano
5312,albaro
5313,meet
5314,jame
5315,bros
5316,banfi
5317,lloyd
5318,pistoletto
5319,factori
5320,tender
5321,plus
5322,mattei
5323,pastel
5324,chateaubriand
5325,bigoli
5326,venezia
5327,moura
5328,emot
5329,thursday
5330,sine
5331,brass
5332,cardoon
5333,piedmont
5334,mudec
5335,valzelli
5336,etra
5337,ultra
5338,cortil
5339,gricia
5340,eraclio
5341,intrigu
5342,cestello
5343,piazza
5344,atrani
5345,spleen
5346,ancient
5347,1966
5348,read
5349,che
5350,milon
5351,hen
5352,serv
5353,lucki
5354,liveliest
5355,quest
5356,latemar
5357,bistecca
5358,ficotto
5359,smeralda
5360,orvieto
5361,end
5362,hidden
5363,also
5364,elsewher
5365,brenta
5366,scopiccio
5367,fano
5368,langoustin
5369,cordevigo
5370,dine
5371,edoardo
5372,nicknam
5373,città
5374,basilica
5375,campsit
5376,cristo
5377,meadow
5378,florenc
5379,donn
5380,make
5381,top
5382,marchigiana
5383,earthquak
5384,minim
5385,far
5386,softer
5387,est
5388,relat
5389,amid
5390,cutleri
5391,10pm
5392,monfettini
5393,menù
5394,column
5395,carropont
5396,corona
5397,pappardell
5398,rivoluzion
5399,assur
5400,fennel
5401,keen
5402,reason
5403,enea
5404,eater
5405,quintessenza
5406,eleg
5407,refurbish
5408,linen
5409,gli
5410,countless
5411,yuzu
5412,enchant
5413,bagna
5414,anagram
5415,boredom
5416,mirazur
5417,sauna
5418,fussi
5419,hare
5420,piz
5421,torsiello
5422,standard
5423,fleme
5424,sella
5425,haziri
5426,moulard
5427,weekend
5428,construct
5429,noli
5430,salvia
5431,attilio
5432,good
5433,moriggi
5434,calandr
5435,hord
5436,wherea
5437,inn
5438,sapio
5439,previous
5440,big
5441,lonigo
5442,wieser
5443,bank
5444,steep
5445,el
5446,bath
5447,banquet
5448,seafood
5449,servizio
5450,zhou
5451,ciaffagnon
5452,susanna
5453,toulà
5454,sprung
5455,linear
5456,byzantin
5457,varella
5458,r
5459,terni
5460,unexpect
5461,tale
5462,vermouth
5463,nation
5464,antipasto
5465,relax
5466,heavili
5467,talk
5468,cheaper
5469,acreid
5470,involv
5471,transfer
5472,vintag
5473,angelo
5474,kondo
5475,comic
5476,manuel
5477,alon
5478,6c
5479,pinewood
5480,symbol
5481,plane
5482,thread
5483,taragna
5484,luigi
5485,lidia
5486,ago
5487,caramel
5488,zarri
5489,mantuan
5490,emblem
5491,collect
5492,issu
5493,suburb
5494,000m
5495,pagliazza
5496,vincenzo
5497,threshold
5498,gradual
5499,worri
5500,singl
5501,utmost
5502,cort
5503,brandini
5504,tool
5505,naval
5506,rebosio
5507,novic
5508,carracci
5509,extraordinari
5510,salami
5511,riesl
5512,crescendo
5513,keep
5514,asti
5515,ca
5516,volp
5517,criss
5518,montanari
5519,radius
5520,tastebud
5521,share
5522,station
5523,armerina
5524,understand
5525,bouchard
5526,rombo
5527,cauda
5528,bay
5529,varieti
5530,feniletto
5531,inexhaust
5532,candela
5533,escarol
5534,truli
5535,salon
5536,conclus
5537,sutri
5538,posti
5539,falser
5540,although
5541,teles
5542,ottagono
5543,began
5544,kindergarten
5545,masaki
5546,kuppelrain
5547,bottoni
5548,trip
5549,settepiatti
5550,overflow
5551,return
5552,petrus
5553,kombu
5554,rabbit
5555,veranda
5556,sixth
5557,seventh
5558,marsh
5559,2010
5560,thinnest
5561,earn
5562,argentario
5563,person
5564,joyous
5565,better
5566,mural
5567,moreno
5568,orta
5569,saletta
5570,alfonso
5571,forget
5572,immortalis
5573,garbanzo
5574,content
5575,viaggio
5576,boer
5577,clandestino
5578,nautilus
5579,north
5580,attract
5581,pastissada
5582,shown
5583,farmer
5584,offspr
5585,possoni
5586,paragon
5587,ritual
5588,lunchtim
5589,champagn
5590,caviar
5591,devoto
5592,giandujotto
5593,gorgnalini
5594,air
5595,arbour
5596,arrosto
5597,neapolitan
5598,michela
5599,dusk
5600,mixtur
5601,detract
5602,everyon
5603,heavi
5604,broaden
5605,lido
5606,castrocaro
5607,gobbetto
5608,inject
5609,enhanc
5610,bougainvillea
5611,planeta
5612,tantalis
5613,refuge
5614,unmiss
5615,hectar
5616,eight
5617,bridg
5618,anoth
5619,loyal
5620,endiv
5621,love
5622,crescenzo
5623,sassolungo
5624,palermino
5625,slow
5626,infal
5627,ciuffetelli
5628,accursio
5629,boar
5630,20
5631,need
5632,suzzara
5633,octopus
5634,bounti
5635,never
5636,chandeli
5637,nestl
5638,candiano
5639,access
5640,iva
5641,build
5642,geometr
5643,nich
5644,viaj
5645,yacht
5646,style
5647,sandra
5648,duomo
5649,vibrant
5650,design
5651,mulberri
5652,botan
5653,commerci
5654,salesman
5655,cassata
5656,tortino
5657,fermo
5658,klaud
5659,sfoglia
5660,weather
5661,acaja
5662,storico
5663,covet
5664,think
5665,pumpkin
5666,n
5667,flute
5668,stella
5669,ramen
5670,favourit
5671,hous
5672,pepenero
5673,cherasco
5674,cavi
5675,pot
5676,warehous
5677,giasàra
5678,caramanico
5679,island
5680,weak
5681,ostentati
5682,caribbean
5683,capocollo
5684,stalwart
5685,croccantezza
5686,mine
5687,farmyard
5688,mole
5689,masè
5690,carannant
5691,paestum
5692,sposito
5693,clientel
5694,overwhelm
5695,eleonora
5696,cliff
5697,bulwark
5698,gorgonzola
5699,bosana
5700,sage
5701,blind
5702,incorpor
5703,ticket
5704,bollita
5705,consist
5706,papal
5707,breadstick
5708,framework
5709,riscon
5710,beverag
5711,moirago
5712,sacro
5713,fre
5714,extract
5715,restrain
5716,canapino
5717,40
5718,oil
5719,guard
5720,case
5721,pinch
5722,countri
5723,rump
5724,compon
5725,marseill
5726,silvio
5727,bass
5728,simon
5729,geiser
5730,farnes
5731,1949
5732,krapf
5733,comfort
5734,speck
5735,wind
5736,condiment
5737,gargnano
5738,cod
5739,might
5740,capanna
5741,bargellini
5742,giuliana
5743,vill
5744,etna
5745,over
5746,sardinian
5747,taglienti
5748,contemporaneità
5749,collector
5750,vulcano
5751,vineyard
5752,sgrò
5753,afford
5754,1901
5755,proprietà
5756,cannelloni
5757,polenta
5758,block
5759,busi
5760,natur
5761,colorata
5762,mad100
5763,natalini
5764,pella
5765,1700
5766,comprehens
5767,teishokuset
5768,jorg
5769,filanda
5770,main
5771,ownership
5772,sum
5773,maioni
5774,address
5775,blue
5776,biscotti
5777,complet
5778,cedron
5779,bonito
5780,soldier
5781,grana
5782,lazian
5783,tone
5784,document
5785,swordfish
5786,blanch
5787,perch
5788,asado
5789,tuna
5790,tack
5791,michael
5792,snail
5793,cold
5794,increas
5795,reveal
5796,thistl
5797,catch
5798,enzo
5799,counterpart
5800,compatriot
5801,predilect
5802,english
5803,epicentr
5804,1850
5805,lana
5806,amalfi
5807,ezio
5808,ventr
5809,british
5810,cantuccio
5811,pesto
5812,commiss
5813,orient
5814,appeal
5815,ligurian
5816,beetroot
5817,colmetto
5818,tortelli
5819,ambiental
5820,polda
5821,fritter
5822,pictur
5823,abbondanzi
5824,viewpoint
5825,abandon
5826,trentinomenu
5827,club
5828,postcard
5829,brasseri
5830,livestock
5831,serena
5832,surpris
5833,messina
5834,carpaccio
5835,sole
5836,guidara
5837,gian
5838,accanto
5839,extra
5840,valdarno
5841,six
5842,fusion
5843,1950
5844,pintadera
5845,domenica
5846,shift
5847,luisl
5848,zeno
5849,season
5850,experiment
5851,buchteln
5852,reassur
5853,tablecloth
5854,saracen
5855,ricci
5856,prosper
5857,chiara
5858,belé
5859,remain
5860,hagan
5861,product
5862,reliabl
5863,volterra
5864,bellaria
5865,mupa
5866,tistot
5867,vanacor
5868,shabbi
5869,dissect
5870,ristretto
5871,desenzano
5872,peca
5873,meatbal
5874,chef
5875,25
5876,durnwald
5877,tipico
5878,cilenti
5879,parquet
5880,conserv
5881,zampognaro
5882,salviati
5883,copious
5884,ora
5885,frantoio
5886,emphasi
5887,zazzeri
5888,chosen
5889,8
5890,pigeon
5891,encyclopaed
5892,80
5893,parmens
5894,host
5895,falanghina
5896,trove
5897,solociccia
5898,falconier
5899,perugia
5900,cityscap
5901,mandatori
5902,tin
5903,hamburg
5904,castrozza
5905,cinti
5906,encount
5907,shuttl
5908,caino
5909,presidiana
5910,carlotta
5911,illumin
5912,genoes
5913,rural
5914,cerea
5915,warmth
5916,statu
5917,pelizzari
5918,catherin
5919,bernardi
5920,16c
5921,sicili
5922,pois
5923,frame
5924,innocenti
5925,white
5926,cairo
5927,room
5928,somewhat
5929,serva
5930,cure
5931,watch
5932,ghirlanda
5933,cuisin
5934,ventresca
5935,partenop
5936,email
5937,relai
5938,pascal
5939,door
5940,adler
5941,maurizio
5942,saltimbocca
5943,pale
5944,anfiteatro
5945,grandeur
5946,4
5947,hang
5948,system
5949,carpacci
5950,sudden
5951,bluefin
5952,risultato
5953,baldassar
5954,merit
5955,ellipsoid
5956,brembo
5957,accompani
5958,sheer
5959,oubèrgi
5960,beansprout
5961,parasol
5962,prime
5963,battistoni
5964,vescovil
5965,stracciatella
5966,acqua
5967,stori
5968,cotoletta
5969,jam
5970,tonic
5971,musso
5972,monosilio
5973,mainland
5974,silkworm
5975,contemporaneo
5976,proverb
5977,zazzara
5978,strachitunt
5979,enoteca
5980,enlarg
5981,signatur
5982,refriger
5983,vin
5984,encircl
5985,errico
5986,nora
5987,scorpion
5988,fan
5989,marbl
5990,siena
5991,instant
5992,econom
5993,school
5994,ger
5995,cohes
5996,seriana
5997,pierantonio
5998,mezz
5999,discipl
6000,eateri
6001,modest
6002,breakfast
6003,soil
6004,assunta
6005,barberini
6006,memor
6007,dori
6008,sassicaia
6009,finess
6010,input
6011,saba
6012,everywher
6013,tret
6014,2021
6015,deg
6016,lovag
6017,strength
6018,dirt
6019,casertona
6020,bresciana
6021,got
6022,public
6023,rosewood
6024,michelina
6025,seral
6026,orsola
6027,ristoclub
6028,ahead
6029,dongiò
6030,gerhard
6031,lowland
6032,pell
6033,hip
6034,elefant
6035,lakeshor
6036,quintogusto
6037,palazzolo
6038,number
6039,pickl
6040,pomegran
6041,poggio
6042,distract
6043,sanremo
6044,sein
6045,chessa
6046,alfio
6047,positano
6048,suggestioni
6049,effici
6050,gianello
6051,fiorentinaopt
6052,mantarro
6053,aristocrat
6054,onofrio
6055,santini
6056,subtl
6057,leali
6058,herring
6059,avenu
6060,murrua
6061,probize
6062,lambrusco
6063,trendiest
6064,gualdo
6065,casertano
6066,sister
6067,out
6068,laigueglia
6069,cozzetto
6070,branch
6071,accolla
6072,impass
6073,footbal
6074,centofanti
6075,fridg
6076,ruffl
6077,fiordilatt
6078,intim
6079,logo
6080,lucania
6081,caldura
6082,authorit
6083,strait
6084,fuss
6085,poppi
6086,opitergium
6087,particip
6088,plenti
6089,sant
6090,space
6091,mediterraneo
6092,imagna
6093,larin
6094,cucumb
6095,bendato
6096,marinad
6097,relic
6098,estat
6099,alici
6100,referenc
6101,panzerotti
6102,chamber
6103,soup
6104,equal
6105,account
6106,giglio
6107,boast
6108,evok
6109,quintino
6110,miori
6111,augustus
6112,radicchio
6113,wend
6114,overal
6115,holder
6116,campobello
6117,mescafrancesca
6118,escalop
6119,bear
6120,cefalù
6121,1981
6122,abruzzes
6123,nero
6124,patricia
6125,refer
6126,row
6127,pepperi
6128,castelvetro
6129,oven
6130,1982
6131,trademark
6132,marches
6133,workmanship
6134,cantin
6135,oneglia
6136,tagliolini
6137,degan
6138,layer
6139,justic
6140,austria
6141,quintilio
6142,alberto
6143,dynasti
6144,loin
6145,voyag
6146,march
6147,arnolfo
6148,cater
6149,snack
6150,americano
6151,monasteri
6152,1848
6153,consum
6154,1930s
6155,arabo
6156,combo
6157,ask
6158,louis
6159,hall
6160,1952
6161,restructur
6162,cracker
6163,filosofi
6164,method
6165,con
6166,tapa
6167,pace
6168,approxim
6169,pigna
6170,work
6171,majest
6172,notic
6173,dual
6174,entrecot
6175,mascia
6176,bacaro
6177,structur
6178,danilo
6179,petriolo
6180,moma
6181,brazil
6182,indonesian
6183,admir
6184,remulass
6185,daria
6186,corrado
6187,seven
6188,mel
6189,cosmo
6190,niederkofl
6191,emilian
6192,allud
6193,lino
6194,crapiata
6195,despit
6196,gragnano
6197,fire
6198,sono
6199,tarallo
6200,bartolo
6201,p
6202,truffl
6203,spinechil
6204,appetit
6205,lesser
6206,futurist
6207,serina
6208,jackson
6209,filippetto
6210,tree
6211,eschew
6212,anyon
6213,valazza
6214,dentex
6215,1988
6216,mart
6217,volcan
6218,ran
6219,strang
6220,pork
6221,càuda
6222,andreina
6223,cling
6224,occas
6225,nightlif
6226,prior
6227,isea
6228,simonato
6229,santandrea
6230,hidalgo
6231,reappear
6232,teresa
6233,alpin
6234,bastion
6235,palmento
6236,signor
6237,nicola
6238,confus
6239,unchang
6240,avino
6241,eala
6242,angelina
6243,belludia
6244,feminin
6245,coquus
6246,bertoli
6247,der
6248,richard
6249,avail
6250,uncompl
6251,scapecchi
6252,cinnamon
6253,intestin
6254,gentian
6255,mutual
6256,monastero
6257,quiet
6258,decid
6259,sometim
6260,lit
6261,cogliardo
6262,prolong
6263,credenti
6264,qafiz
6265,equinozio
6266,around
6267,ii
6268,ernesto
6269,consult
6270,must
6271,earli
6272,impress
6273,girl
6274,laura
6275,tiber
6276,riccio
6277,overlook
6278,placemat
6279,pineta
6280,habsburg
6281,carpet
6282,capretta
6283,conca
6284,brilliant
6285,vero
6286,weingut
6287,teal
6288,valtellina
6289,abbattista
6290,winner
6291,contain
6292,2020
6293,vigezzo
6294,officina
6295,glori
6296,mortandela
6297,born
6298,soverato
6299,sculpt
6300,krug
6301,embark
6302,promenad
6303,exhaust
6304,martini
6305,perno
6306,visual
6307,erbett
6308,gianfilippo
6309,pleasant
6310,rovati
6311,tast
6312,fillet
6313,lepor
6314,cortina
6315,palaud
6316,brigida
6317,1961
6318,franco
6319,fairytal
6320,butcher
6321,1964
6322,horsesho
6323,fogli
6324,crew
6325,mirko
6326,argentin
6327,sausag
6328,bain
6329,drawn
6330,storehous
6331,modena
6332,ulmo
6333,wild
6334,corso
6335,smart
6336,whet
6337,cash
6338,coach
6339,si
6340,silvana
6341,miki
6342,trail
6343,pair
6344,maggior
6345,ever
6346,bill
6347,nass
6348,clear
6349,montani
6350,cook
6351,madonnina
6352,prevail
6353,palazzo
6354,cipriani
6355,iaccarino
6356,guarneri
6357,cesar
6358,5pm
6359,santuario
6360,patch
6361,bolder
6362,600
6363,pedestrian
6364,colosseum
6365,exclus
6366,bacoli
6367,manoppello
6368,valàdess
6369,bacio
6370,marci
6371,underground
6372,apprentic
6373,cossio
6374,1971
6375,300
6376,achiev
6377,purest
6378,intesa
6379,plankton
6380,hyatt
6381,appear
6382,helm
6383,dri
6384,strike
6385,denomin
6386,castelli
6387,castelpoto
6388,silverwar
6389,2022
6390,scarello
6391,complex
6392,cannavino
6393,haut
6394,huber
6395,lobster
6396,pagnotto
6397,maze
6398,own
6399,langa
6400,woodland
6401,trafilata
6402,john
6403,daili
6404,simpli
6405,argaj
6406,skate
6407,bygon
6408,coffe
6409,continu
6410,beef
6411,cosi
6412,praiano
6413,sila
6414,peak
6415,nondescript
6416,io
6417,rend
6418,sourdough
6419,sincer
6420,felix
6421,alserio
6422,blackboard
6423,amount
6424,grove
6425,ventimiglia
6426,associ
6427,umberto
6428,brisket
6429,sorbir
6430,persimmon
6431,carlofortinian
6432,coda
6433,playground
6434,array
6435,creativo
6436,august
6437,frosio
6438,friendli
6439,enabl
6440,ragú
6441,riomaggior
6442,mongiat
6443,provinc
6444,adept
6445,falco
6446,cantones
6447,mazzara
6448,disguis
6449,bob
6450,soft
6451,solina
6452,tassa
6453,europa
6454,herbier
6455,scapec
6456,engel
6457,get
6458,enel
6459,fresca
6460,deal
6461,fed
6462,colomb
6463,museo
6464,metalwork
6465,prezioso
6466,hark
6467,ladin
6468,pimpernel
6469,speranzina
6470,peat
6471,maranello
6472,knowledg
6473,experi
6474,napoleon
6475,soak
6476,mer
6477,criteria
6478,maiz
6479,formazza
6480,rather
6481,90s
6482,provocazioni
6483,plum
6484,il
6485,recent
6486,mapl
6487,valtellines
6488,warmer
6489,benso
6490,entrepreneur
6491,roia
6492,hernan
6493,bonet
6494,widespread
6495,bella
6496,curtaton
6497,gulfi
6498,face
6499,casoncelli
6500,luserna
6501,speak
6502,durat
6503,piccolo
6504,scalinata
6505,valpolicella
6506,aqua
6507,eas
6508,epoca
6509,slight
6510,anto
6511,kratter
6512,burger
6513,mä
6514,aisl
6515,constant
6516,bao
6517,calistri
6518,favour
6519,cabinet
6520,bordo
6521,chilli
6522,orlando
6523,cartoccio
6524,brandacujun
6525,fausto
6526,bream
6527,jerusalem
6528,colder
6529,success
6530,relief
6531,suckl
6532,guarante
6533,masseria
6534,incàlmo
6535,equip
6536,augusta
6537,sibl
6538,castl
6539,fattoria
6540,spotlight
6541,sign
6542,wheel
6543,golfo
6544,communiti
6545,popolo
6546,iuliano
6547,monti
6548,charcoal
6549,extrem
6550,locanda
6551,extraordinarili
6552,riccardo
6553,teapot
6554,seabream
6555,summertim
6556,griffa
6557,stelio
6558,bend
6559,avocado
6560,peel
6561,tespi
6562,accomplish
6563,moment
6564,prompt
6565,resolut
6566,sell
6567,villanova
6568,sandwich
6569,musciora
6570,adriatica
6571,peppino
6572,brioch
6573,luchino
6574,arezzo
6575,experienc
6576,decis
6577,campiello
6578,flan
6579,sitea
6580,runner
6581,aversa
6582,bento
6583,guarino
6584,stuf
6585,36
6586,jacopo
6587,uphil
6588,crop
6589,tile
6590,appropri
6591,delici
6592,tuesday
6593,mamma
6594,casual
6595,monco
6596,chiavari
6597,vigevano
6598,polish
6599,brambilla
6600,soav
6601,mecca
6602,pepper
6603,enjoy
6604,paradiso
6605,vs
6606,giada
6607,magredi
6608,meravigliao
6609,certain
6610,frediano
6611,1980s
6612,féold
6613,procedur
6614,iyo
6615,30th
6616,leav
6617,chees
6618,guis
6619,swap
6620,stool
6621,permeat
6622,toku
6623,peruvian
6624,eponym
6625,fifth
6626,massimiliano
6627,fuenti
6628,sport
6629,casamadr
6630,tranquil
6631,stracotto
6632,spimpolo
6633,1887
6634,boschi
6635,papa
6636,breed
6637,asian
6638,biennal
6639,januarius
6640,fiumicino
6641,bacher
6642,devetak
6643,offanengo
6644,quasi
6645,squar
6646,montreal
6647,await
6648,south
6649,regal
6650,recur
6651,aim
6652,dumpl
6653,vietres
6654,slovenian
6655,lussuoso
6656,1906
6657,favorita
6658,emphasis
6659,monkfish
6660,via
6661,pizzi
6662,fulfil
6663,calamarro
6664,obsess
6665,bronzo
6666,angiolucci
6667,expos
6668,gene
6669,galateo
6670,pronounc
6671,cesario
6672,elderflow
6673,breuil
6674,struscio
6675,charcuteri
6676,anghiari
6677,50
6678,letterina
6679,invit
6680,scheme
6681,femal
6682,venissa
6683,version
6684,agerola
6685,restuar
6686,rhubarb
6687,coldana
6688,base
6689,recognis
6690,tabl
6691,elisabetta
6692,pacentro
6693,hay
6694,laetitia
6695,preced
6696,general
6697,imprint
6698,melandri
6699,lamp
6700,sirmiano
6701,wave
6702,search
6703,retro
6704,sodano
6705,crumb
6706,marmot
6707,14
6708,portes
6709,pineappl
6710,gran
6711,marisa
6712,bodi
6713,ennio
6714,nascosto
6715,childhood
6716,fior
6717,atturrata
6718,geotherm
6719,vita
6720,rib
6721,stube
6722,easili
6723,angel
6724,aglianico
6725,mezzanin
6726,pool
6727,dock
6728,giacchini
6729,raw
6730,offici
6731,sake
6732,1885
6733,crudo
6734,variat
6735,vertic
6736,hashbe
6737,brunois
6738,founder
6739,ham
6740,ice
6741,velveti
6742,zhejiang
6743,mao
6744,romana
6745,summer
6746,pontinia
6747,1773
6748,trota
6749,12
6750,heat
6751,ferreri
6752,donna
6753,seclud
6754,cum
6755,suriano
6756,trotter
6757,35
6758,visit
6759,point
6760,apprenticeship
6761,baccala
6762,verbania
6763,petrosino
6764,want
6765,nonetheless
6766,corbusi
6767,follina
6768,flaminio
6769,staff
6770,pizzaiola
6771,leonardo
6772,virgin
6773,societi
6774,aspic
6775,learnt
6776,librari
6777,prototyp
6778,oldani
6779,ventricina
6780,riflesso
6781,leemann
6782,educ
6783,piec
6784,viareggio
6785,biodynam
6786,baglio
6787,throughout
6788,sale
6789,approach
6790,kid
6791,clad
6792,1880
6793,vicciola
6794,stüa
6795,cremona
6796,spaghetton
6797,seregno
6798,onward
6799,onion
6800,ti
6801,passag
6802,1865
6803,esplanad
6804,tino
6805,member
6806,cedro
6807,bagno
6808,orti
6809,vera
6810,larger
6811,nobuya
6812,airi
6813,reinvent
6814,ariel
6815,milanesi
6816,undoubt
6817,garda
6818,bavaglino
6819,mixolog
6820,partnership
6821,heartili
6822,coincid
6823,central
6824,visibilio
6825,iberian
6826,pergola
6827,boeri
6828,fine
6829,alessandro
6830,nazioni
6831,umbrichelli
6832,scalo
6833,levanto
6834,introduct
6835,confirm
6836,compens
6837,1800
6838,field
6839,magnific
6840,pinot
6841,accademia
6842,veget
6843,tradit
6844,autist
6845,couli
6846,water
6847,equens
6848,tagliatell
6849,stack
6850,effortless
6851,caraf
6852,valpantena
6853,goggi
6854,professor
6855,177
6856,maurizi
6857,rosina
6858,sampl
6859,wooden
6860,plessi
6861,synagogu
6862,bachmann
6863,enrico
6864,cambio
6865,scuncilli
6866,gather
6867,frisell
6868,sarri
6869,solaika
6870,pilgrim
6871,pietropaoli
6872,card
6873,marri
6874,rariti
6875,fracassi
6876,montefeltro
6877,purpl
6878,strawberri
6879,dolc
6880,olbia
6881,baglioni
6882,tarquinia
6883,varaita
6884,shelv
6885,18ha
6886,cucolo
6887,bramea
6888,altitud
6889,monach
6890,acquir
6891,sorbet
6892,valerio
6893,creat
6894,floral
6895,lanka
6896,pub
6897,gilmozzi
6898,fantasi
6899,claudia
6900,outstand
6901,firm
6902,terrazza
6903,suitabl
6904,biodivers
6905,polo
6906,mareand
6907,mont
6908,kränzelhof
6909,diet
6910,calandrino
6911,coffer
6912,assisi
6913,cacao
6914,other
6915,fornari
6916,tokuyoshi
6917,absinth
6918,eighth
6919,patio
6920,depict
6921,salada
6922,orangeri
6923,bolliti
6924,masterpiec
6925,longer
6926,zanini
6927,cultur
6928,sformato
6929,momento
6930,third
6931,egnazia
6932,parliament
6933,minimalist
6934,peke
6935,piccion
6936,brescian
6937,fazio
6938,doubt
6939,barbara
6940,surround
6941,sauc
6942,zippl
6943,bright
6944,woodruff
6945,brusson
6946,fiat
6947,pucia
6948,dove
6949,tablet
6950,rotat
6951,manger
6952,1919
6953,riviera
6954,ost
6955,recanati
6956,adèl
6957,light
6958,mullet
6959,po
6960,costabella
6961,shave
6962,lie
6963,pen
6964,difficulti
6965,arrang
6966,infin
6967,60th
6968,mare
6969,menu
6970,decad
6971,paradigma
6972,oscar
6973,plin
6974,generous
6975,padr
6976,secret
6977,aristocraci
6978,caoda
6979,arcinazzo
6980,porcelain
6981,baja
6982,castiglion
6983,featur
6984,aspect
6985,tordelli
6986,murat
6987,career
6988,revolv
6989,sicilian
6990,schlosswirt
6991,marsala
6992,appli
6993,rise
6994,institut
6995,applic
6996,nutrit
6997,mutton
6998,vasocottura
6999,plant
7000,pressati
7001,pandolfo
7002,gourmet
7003,praianes
7004,nin
7005,energi
7006,store
7007,aspro
7008,barg
7009,pear
7010,allevato
7011,decorazioni
7012,mash
7013,centenari
7014,drawback
7015,sweep
7016,giano
7017,mantova
7018,satisfi
7019,step
7020,resin
7021,mundan
7022,moessmer
7023,24hrs
7024,tooth
7025,tufa
7026,1965
7027,vasariana
7028,storia
7029,crema
7030,salti
7031,met
7032,saturday
7033,defin
7034,rack
7035,enoica
7036,crispi
7037,budget
7038,palm
7039,agostino
7040,grotto
7041,aost
7042,verd
7043,art
7044,cheesecak
7045,balconi
7046,bomba
7047,hoc
7048,gallega
7049,match
7050,farm
7051,bird
7052,aminta
7053,couscous
7054,sliver
7055,lucan
7056,schneider
7057,piola
7058,te
7059,300ha
7060,allergi
7061,rocket
7062,york
7063,group
7064,fernando
7065,vittoria
7066,hover
7067,porteri
7068,leonardi
7069,huge
7070,master
7071,fritto
7072,tuma
7073,beach
7074,vanlangenaek
7075,selva
7076,exclud
7077,corbara
7078,market
7079,tofan
7080,lamezia
7081,1934
7082,scuro
7083,mattara
7084,curious
7085,juri
7086,marina
7087,grew
7088,bowerman
7089,eden
7090,hill
7091,caltagiron
7092,salinari
7093,show
7094,green
7095,testa
7096,war
7097,abroad
7098,sassongh
7099,salama
7100,foremost
7101,contrada
7102,gel
7103,offshor
7104,profus
7105,maratea
7106,russi
7107,cat
7108,rear
7109,differ
7110,guardroom
7111,dinner
7112,refectori
7113,piacenza
7114,younger
7115,bellabarba
7116,artisan
7117,coriand
7118,cast
7119,pappai
7120,qualiti
7121,textur
7122,speci
7123,ancestr
7124,1442
7125,bespok
7126,trevigiana
7127,fisheri
7128,tortellant
7129,400
7130,soccorso
7131,oblig
7132,borrow
7133,duck
7134,northern
7135,posto
7136,cava
7137,herbert
7138,falzarego
7139,cusumano
7140,expand
7141,shaken
7142,sacchi
7143,mottaron
7144,vares
7145,fondant
7146,grappoli
7147,sanità
7148,pastri
7149,baia
7150,kept
7151,campigotto
7152,ingredi
7153,intrusi
7154,delicato
7155,marelli
7156,dominican
7157,distinguish
7158,mi
7159,rosmarino
7160,qcina
7161,caravella
7162,décor
7163,throw
7164,futura
7165,passi
7166,shrine
7167,whitebait
7168,abbadia
7169,grasso
7170,gnudi
7171,50th
7172,2004
7173,fewer
7174,maial
7175,cep
7176,bracali
7177,geographi
7178,wast
7179,montoro
7180,africa
7181,dessert
7182,nb
